SPARKH,4,NYU LANGONE MEDICAL CENTER,20190415-113500,Sample 123-456-7890,NYU LANGONE MEDICAL CENTER,2,20190415,,,,,,,,,,,,,,,,,,,,,,,,,,,,,,,,,,,,,,,,,,,,,,,,,,,,,,,,,,,,,,,,,,,,,,,,,,,,,,,,,,,,,,,,,,,,,,,,,,,,,,,,,,,,,,,
Detail Record ID ,Employer Name ,Employer EIN ,Employer Plan ID  ,Employer Sub Plan ID ,Originating Vendor Plan ID,Originating Vendor Sub Plan ID ,Recipient Vendor Plan ID ,Recipient Vendor Sub Plan ID ,Type of Account ,Payroll Frequency ,Employee SSN,Employee ID,,FIRST NAME,MIDDLE NAME,LAST NAME,street,Apt/Suit,,City,State,zipcode,Country,Residency Code ,Employee DOB ,Gender ID,Marital Status ,Phone Number 1 ,Phone Number type 1,Phone Extension 1,Phone Number type 2,Phone Number 2,Phone Extension 2,Business Email Address ,Personal Email Address  ,Payroll Date,Contribution Source Code 1 ,Contribution Source Amount 1,Contribution Source Code 2,Contribution Source Amount 2,Contribution Source Code 3,Contribution Source Amount 3,Contribution Source Code 4,Contribution Source Amount 4,Contribution Source Code 5,Contribution Source Amount 5,Contribution Source Code 6,Contribution Source Amount 6,Contribution Source Code 7,Contribution Source Amount 7,Contribution Source Code 8,Contribution Source Amount 8,Final Contribution Indicator ,Loan Number 1 ,Loan Repayment Amount 1 ,Loan Number 2 ,Loan Repayment Amount 2 ,Loan Number 3 ,Loan Repayment Amount 3 ,Loan Number 4 ,Loan Repayment Amount 4 ,Loan Number 5 ,Loan Repayment Amount 5 ,HR Area,HR Sub Area ,Original Date of Hire ,Adjusted Date of Hire ,Employment Status ,Employment Sub Type,Employment Status Date ,Employee Type ,Payroll Mode ,Years of Service ,Months of Service ,Annual Salary ,Cash Bonus Amount ,Per Pay Compensation ,Per Pay Hours Worked ,Year to Date Type ,Year to Date Base Compensation,Year to Date Total Compensation,Year to Date Hours Worked,HCE Flag ,Key Employee Flag ,Union Employee Flag ,Employee Plan Status ,Plan Entry Date ,Vested Date ,Alternate Vesting Start Date ,Vesting Source Code 1 ,Vesting Percentage 1 ,Vesting Source Code 2,Vesting Percentage 2,Vesting Source Code 3,Vesting Percentage 3,"Contribution Source Code
1 ",cc,Per Pay Deferral Amount Ð CS1,"Contribution Source Code
2",Deferral Percentage Ð CS2,Per Pay Deferral Amount Ð CS2,"Contribution Source Code
3",Deferral Percentage Ð CS3,Per Pay Deferral Amount Ð CS3,Plan Annual Salary,Employer Contribution Eligibility Source 1,Employer Contribution Eligibility Date 1,Employer Contribution Eligibility Source 2,Employer Contribution Eligibility Date 2,Automatic Deferral Increase Type,Automatic Deferral Increase Election Date,Automatic Deferral Increase Next Increase Date,Automatic Deferral Increase End Date,Automatic Deferral Increase Frequency,Automatic Deferral Increase Amount,Automatic Deferral Increase Amount Maximum,Automatic Deferral Increase Percentage,Automatic Deferral Increase Percentage Maximum
D,NYU School of Medicine,13-5562309,407141,GS1,407141,GS1,407141,GS1,1,12,100000001,100000001,,Shannon,,Jenkins,61575 Elizabeth Turnpike,Suite 260, ,"Sheenafurt,",NH,31819,US,U,19920610,F,M, , , , , , ,Shannon.Jenkins@example.org,,20190415,C,3749.12,,,,,,,,,,,,,,,,,,,,,,,,,,,,20141218,20141218,P, ,20141218,F,12,5,,81476.14,,6789.68,,F,,,,N,,,A,,,,,,,,,,,,,,,,,,,,,,,,OUT,,,,4,,,-,
D,NYU School of Medicine,13-5562309,151579,GS1,151579,GS1,151579,GS1,1,12,100000002,100000002,,Troy,,Mora,6975 Perez Ridges,Suite 979, ,"Chelseachester,",WV,70485,US,U,19991121,F,S, , , , , , ,Troy.Mora@example.org,,20190415,K,2909.63,,,,,,,,,,,,,,,,,,,,,,,,,,,,20170618,20170618,T, ,20170618,L,12,2,,139352.12,,11612.68,,C,,,,Y,,,A,,,,,,,,,,,,,,,,,,,,,,,,NA,,,,2,,,-,
D,NYU Langone Health System,47-2613531,151576,GS1,151576,GS1,151576,GS1,1,12,100000003,100000003,,Matthew,,Jones,523 Matthew Mall Apt. 670, , ,"Lake Elizabeth,",WA,88700,US,U,19990727,M,Q, , , , , , ,Matthew.Jones@example.org,,20190415,G,4827.98,,,,,,,,,,,,,,,,,,,,,,,,,,,,20180503,20180503,T, ,20180503,F,12,1,,86622.9,,7218.57,,F,,,,Y,,,N,,,,,,,,,,,,,,,,,,,,,,,,NA,,,,4,,,-,
D,NYU Hospitals Center,13-3971298,151576,GS1,151576,GS1,151576,GS1,1,12,100000004,100000004,,David,,Scott,5131 Taylor Alley, , ,"Jamestown,",ND,48767,US,U,19970426,F,M, , , , , , ,David.Scott@example.org,,20190415,Q,937.02,,,,,,,,,,,,,,,,,,,,,,,,,,,,20180405,20180405,D,N,20180405,P,12,1,,69310.99,,5775.92,,F,,,,Y,,,X,,,,,,,,,,,,,,,,,,,,,,,,OUT,,,,1,,,-,
D,NYU Hospitals Center,13-3971298,407141,GA1,407141,GA1,407141,GA1,1,12,100000005,100000005,,Ricardo,,Hodges,6728 Fernandez Fields Apt. 889, , ,"Johnsonview,",WI,58022,US,U,19950615,F,Q, , , , , , ,Ricardo.Hodges@example.org,,20190415,I,1459.39,,,,,,,,,,,,,,,,,,,,,,,,,,,,20181114,20181114,L, ,20181114,F,12,1,,97767.83,,8147.32,,P,,,,N,,,A,,,,,,,,,,,,,,,,,,,,,,,,AUTO,,,,1,,,-,
D,NYU School of Medicine,13-5562309,151576,GA1,151576,GA1,151576,GA1,1,12,100000006,100000006,,Justin,,Tyler,35055 Desiree Island Apt. 428, , ,"Manuelmouth,",KS,2443,US,U,19930102,M,P, , , , , , ,Justin.Tyler@example.org,,20190415,B,831.9,,,,,,,,,,,,,,,,,,,,,,,,,,,,20130911,20130911,T, ,20130911,F,12,6,,139255.37,,11604.61,,F,,,,N,,,P,,,,,,,,,,,,,,,,,,,,,,,,OUT,,,,4,,,-,
D,NYU Hospitals Center,13-3971298,151579,GA1,151579,GA1,151579,GA1,1,12,100000007,100000007,,Corey,,Young,578 Anthony Gardens, , ,"North Justinville,",TN,85898,US,U,19990902,M,S, , , , , , ,Corey.Young@example.org,,20190415,K,2888.37,,,,,,,,,,,,,,,,,,,,,,,,,,,,20180521,20180521,L, ,20180521,F,12,1,,97472.03,,8122.67,,F,,,,Y,,,X,,,,,,,,,,,,,,,,,,,,,,,,NA,,,,1,,,-,
D,NYU Hospitals Center,13-3971298,151562,GA1,151562,GA1,151562,GA1,1,12,100000008,100000008,,Michelle,,Smith,57071 Bryant Locks, , ,"New Michael,",SC,75228,US,U,19950731,F,P, , , , , , ,Michelle.Smith@example.org,,20190415,E,7774.46,,,,,,,,,,,,,,,,,,,,,,,,,,,,20140723,20140723,P,F,20140723,F,12,5,,125519.63,,10459.97,,C,,,,N,,,P,,,,,,,,,,,,,,,,,,,,,,,,OUT,,,,4,,,-,
D,NYU Hospitals Center,13-3971298,407141,GS1,407141,GS1,407141,GS1,1,12,100000009,100000009,,Cynthia,,Warren,889 Shaffer Corners,Suite 238, ,"Keithshire,",LA,12906,US,U,19960816,M,Q, , , , , , ,Cynthia.Warren@example.org,,20190415,I,8127.02,,,,,,,,,,,,,,,,,,,,,,,,,,,,20171220,20171220,T, ,20171220,P,12,2,,110058.45,,9171.54,,P,,,,Y,,,E,,,,,,,,,,,,,,,,,,,,,,,,AUTO,,,,1,,,-,
D,NYU Langone Health System,47-2613531,151576,GS1,151576,GS1,151576,GS1,1,12,100000010,100000010,,Adam,,Long,0058 Kimberly Vista,Suite 794, ,"Rossburgh,",WI,35962,US,U,19900109,M,Q, , , , , , ,Adam.Long@example.org,,20190415,I,4393.67,,,,,,,,,,,,,,,,,,,,,,,,,,,,20150401,20150401,E,P,20150401,P,12,4,,112443.54,,9370.3,,P,,,,N,,,A,,,,,,,,,,,,,,,,,,,,,,,,NA,,,,1,,,-,
D,NYU Langone Health System,47-2613531,151576,GS1,151576,GS1,151576,GS1,1,12,100000011,100000011,,Christopher,,Lowery,342 Jasmine Locks, , ,"New Travis,",DE,73528,US,U,19950206,M,M, , , , , , ,Christopher.Lowery@example.org,,20190415,B,5199.77,,,,,,,,,,,,,,,,,,,,,,,,,,,,20180318,20180318,P, ,20180318,L,12,1,,79079.89,,6589.99,,F,,,,N,,,N,,,,,,,,,,,,,,,,,,,,,,,,SELF,,,,1,,,-,
D,NYU Langone Health System,47-2613531,407141,GS1,407141,GS1,407141,GS1,1,12,100000012,100000012,,Maria,,Gutierrez,257 Nicole Springs Apt. 051, , ,"Theresaside,",VT,89972,US,U,19910406,F,Q, , , , , , ,Maria.Gutierrez@example.org,,20190415,H,8337.06,,,,,,,,,,,,,,,,,,,,,,,,,,,,20160203,20160203,T, ,20160203,L,12,3,,114978.28,,9581.52,,P,,,,N,,,X,,,,,,,,,,,,,,,,,,,,,,,,NA,,,,2,,,-,
D,NYU School of Medicine,13-5562309,403401,GA1,403401,GA1,403401,GA1,1,12,100000013,100000013,,Michael,,Johnson,2467 Kyle Lane, , ,"Amandamouth,",PA,14926,US,U,19970721,F,Q, , , , , , ,Michael.Johnson@example.org,,20190415,2,1230.52,,,,,,,,,,,,,,,,,,,,,,,,,,,,20180220,20180220,D, ,20180220,P,12,1,,92400.6,,7700.05,,F,,,,N,,,N,,,,,,,,,,,,,,,,,,,,,,,,NA,,,,1,,,-,
D,NYU Langone Health System,47-2613531,151562,GS1,151562,GS1,151562,GS1,1,12,100000014,100000014,,Devin,,Henry,676 David Way, , ,"Lewisland,",OH,39957,US,U,19940219,F,M, , , , , , ,Devin.Henry@example.org,,20190415,B,6245.76,,,,,,,,,,,,,,,,,,,,,,,,,,,,20131219,20131219,L, ,20131219,P,12,6,,94483.58,,7873.63,,C,,,,Y,,,A,,,,,,,,,,,,,,,,,,,,,,,,NA,,,,1,,,-,
D,NYU Langone Health System,47-2613531,407140,GA1,407140,GA1,407140,GA1,1,12,100000015,100000015,,John,,Moreno,2336 Rowe Fords, , ,"Lake Daniellestad,",IN,15105,US,U,19940625,F,Q, , , , , , ,John.Moreno@example.org,,20190415,K,633.78,,,,,,,,,,,,,,,,,,,,,,,,,,,,20150319,20150319,L, ,20150319,P,12,4,,98532.48,,8211.04,,P,,,,Y,,,N,,,,,,,,,,,,,,,,,,,,,,,,OUT,,,,4,,,-,
D,NYU Hospitals Center,13-3971298,403400,GS1,403400,GS1,403400,GS1,1,12,100000016,100000016,,Cody,,Wood,66261 Delgado Station, , ,"Lake Jeffrey,",OR,74516,US,U,19931023,F,S, , , , , , ,Cody.Wood@example.org,,20190415,4,5467.63,,,,,,,,,,,,,,,,,,,,,,,,,,,,20131120,20131120,T,O,20131120,L,12,6,,113855.35,,9487.95,,F,,,,N,,,D,,,,,,,,,,,,,,,,,,,,,,,,OUT,,,,2,,,-,
D,NYU Hospitals Center,13-3971298,151562,GA1,151562,GA1,151562,GA1,1,12,100000017,100000017,,Miranda,,Ramos,853 Thomas Trail, , ,"Marissaville,",FL,73635,US,U,19900916,M,Q, , , , , , ,Miranda.Ramos@example.org,,20190415,B,2744.02,,,,,,,,,,,,,,,,,,,,,,,,,,,,20140529,20140529,D, ,20140529,L,12,5,,56423.08,,4701.92,,C,,,,N,,,P,,,,,,,,,,,,,,,,,,,,,,,,OUT,,,,1,,,-,
D,NYU Langone Health System,47-2613531,403401,GS1,403401,GS1,403401,GS1,1,12,100000018,100000018,,Gary,,Thornton,282 Hernandez Ramp, , ,"New Karen,",ND,77988,US,U,19920525,F,M, , , , , , ,Gary.Thornton@example.org,,20190415,A,2828.01,,,,,,,,,,,,,,,,,,,,,,,,,,,,20130320,20130320,P, ,20130320,L,12,6,,58942.44,,4911.87,,C,,,,N,,,D,,,,,,,,,,,,,,,,,,,,,,,,OUT,,,,1,,,-,
D,NYU School of Medicine,13-5562309,151579,GA1,151579,GA1,151579,GA1,1,12,100000019,100000019,,Trace,,Tracy,94234 Lopez Vista, , ,"Oconnorland,",HI,69652,US,U,19920316,F,Q, , , , , , ,Mrs..Tracy@example.org,,20190415,4,5900.01,,,,,,,,,,,,,,,,,,,,,,,,,,,,20120706,20120706,R, ,20120706,P,12,7,,86706.65,,7225.55,,C,,,,Y,,,P,,,,,,,,,,,,,,,,,,,,,,,,NA,,,,1,,,-,
D,NYU School of Medicine,13-5562309,403400,GS1,403400,GS1,403400,GS1,1,12,100000020,100000020,,Heather,,Pamela,00486 Shepard Key Apt. 401, , ,"Benjaminstad,",WA,99410,US,U,19980926,F,Q, , , , , , ,Mrs..Pamela@example.org,,20190415,E,7396.09,,,,,,,,,,,,,,,,,,,,,,,,,,,,20180214,20180214,T, ,20180214,L,12,1,,138281.59,,11523.47,,P,,,,Y,,,D,,,,,,,,,,,,,,,,,,,,,,,,NA,,,,1,,,-,
D,NYU Hospitals Center,13-3971298,151576,GA1,151576,GA1,151576,GA1,1,12,100000021,100000021,,Angela,,Wall,8076 Grace Throughway, , ,"West Kevinmouth,",VA,10359,US,U,19980620,M,S, , , , , , ,Angela.Wall@example.org,,20190415,H,3547.58,,,,,,,,,,,,,,,,,,,,,,,,,,,,20170506,20170506,P, ,20170506,F,12,2,,94124.24,,7843.69,,F,,,,Y,,,N,,,,,,,,,,,,,,,,,,,,,,,,NA,,,,2,,,-,
D,NYU Hospitals Center,13-3971298,151579,GA1,151579,GA1,151579,GA1,1,12,100000022,100000022,,John,,Joseph,55044 Carpenter Brooks, , ,"East Jason,",UT,7977,US,U,19940707,F,S, , , , , , ,Mr..Joseph@example.org,,20190415,4,4906.12,,,,,,,,,,,,,,,,,,,,,,,,,,,,20141108,20141108,T, ,20141108,P,12,5,,62729.18,,5227.43,,F,,,,Y,,,N,,,,,,,,,,,,,,,,,,,,,,,,SELF,,,,2,,,-,
D,NYU Hospitals Center,13-3971298,403400,GS1,403400,GS1,403400,GS1,1,12,100000023,100000023,,Cindy,,Huff,7581 George Mountain,Suite 839, ,"West Richard,",PA,6581,US,U,19960604,F,Q, , , , , , ,Cindy.Huff@example.org,,20190415,I,429.56,,,,,,,,,,,,,,,,,,,,,,,,,,,,20140624,20140624,E,F,20140624,F,12,5,,121121.35,,10093.45,,P,,,,N,,,P,,,,,,,,,,,,,,,,,,,,,,,,OUT,,,,4,,,-,
D,NYU School of Medicine,13-5562309,407140,GA1,407140,GA1,407140,GA1,1,12,100000024,100000024,,Christopher,,Guerra,40676 Laura Oval,Suite 810, ,"Melissaberg,",AL,39567,US,U,19930801,F,Q, , , , , , ,Christopher.Guerra@example.org,,20190415,K,590.32,,,,,,,,,,,,,,,,,,,,,,,,,,,,20160306,20160306,T, ,20160306,F,12,3,,121430.95,,10119.25,,F,,,,Y,,,E,,,,,,,,,,,,,,,,,,,,,,,,AUTO,,,,1,,,-,
D,NYU Langone Health System,47-2613531,403401,GA1,403401,GA1,403401,GA1,1,12,100000025,100000025,,Christine,,Ayala,1759 Kelly Islands, , ,"Jacksonberg,",WV,19574,US,U,19920614,M,S, , , , , , ,Christine.Ayala@example.org,,20190415,G,2445.96,,,,,,,,,,,,,,,,,,,,,,,,,,,,20110207,20110207,E, ,20110207,P,12,8,,53335.63,,4444.64,,P,,,,N,,,A,,,,,,,,,,,,,,,,,,,,,,,,NA,,,,2,,,-,
D,NYU Langone Health System,47-2613531,403400,GA1,403400,GA1,403400,GA1,1,12,100000026,100000026,,David,,Fuentes,USNV Ferguson, , ,FPO,AA,50327,US,U,19931225,F,M, , , , , , ,David.Fuentes@example.org,,20190415,4,4582.33,,,,,,,,,,,,,,,,,,,,,,,,,,,,20120401,20120401,E, ,20120401,T,12,7,,112675.78,,9389.65,,C,,,,N,,,X,,,,,,,,,,,,,,,,,,,,,,,,SELF,,,,1,,,-,
D,NYU Langone Health System,47-2613531,403401,GA1,403401,GA1,403401,GA1,1,12,100000027,100000027,,Cameron,,Schmitt,8008 Belinda Land,Suite 980, ,"West William,",ND,61752,US,U,19920522,M,Q, , , , , , ,Cameron.Schmitt@example.org,,20190415,2,8724.84,,,,,,,,,,,,,,,,,,,,,,,,,,,,20171202,20171202,T,N,20171202,P,12,2,,107750.23,,8979.19,,F,,,,Y,,,D,,,,,,,,,,,,,,,,,,,,,,,,AUTO,,,,2,,,-,
D,NYU Langone Health System,47-2613531,403401,GA1,403401,GA1,403401,GA1,1,12,100000028,100000028,,Scott,,Higgins,7871 Alec Port Apt. 948, , ,"New Richard,",RI,21953,US,U,19930804,F,Q, , , , , , ,Scott.Higgins@example.org,,20190415,B,9729.9,,,,,,,,,,,,,,,,,,,,,,,,,,,,20121103,20121103,R,R,20121103,P,12,7,,118804.12,,9900.34,,C,,,,N,,,X,,,,,,,,,,,,,,,,,,,,,,,,NA,,,,2,,,-,
D,NYU Hospitals Center,13-3971298,151562,GS1,151562,GS1,151562,GS1,1,12,100000029,100000029,,Natasha,,Barry,679 Veronica Inlet Apt. 111, , ,"New Theresa,",MT,14845,US,U,19920528,F,Q, , , , , , ,Natasha.Barry@example.org,,20190415,Q,4044.42,,,,,,,,,,,,,,,,,,,,,,,,,,,,20110526,20110526,T, ,20110526,F,12,8,,84115.55,,7009.63,,P,,,,N,,,D,,,,,,,,,,,,,,,,,,,,,,,,AUTO,,,,4,,,-,
D,NYU Langone Health System,47-2613531,151576,GA1,151576,GA1,151576,GA1,1,12,100000030,100000030,,Robert,,Vazquez,9759 Gilmore Divide, , ,"Rebeccatown,",NM,46869,US,U,19961019,M,M, , , , , , ,Robert.Vazquez@example.org,,20190415,Q,1784.4,,,,,,,,,,,,,,,,,,,,,,,,,,,,20151202,20151202,E,O,20151202,F,12,4,,58652.09,,4887.67,,C,,,,Y,,,D,,,,,,,,,,,,,,,,,,,,,,,,OUT,,,,2,,,-,
D,NYU School of Medicine,13-5562309,403401,GA1,403401,GA1,403401,GA1,1,12,100000031,100000031,,Terry,,Pacheco,3630 Nicole Mountain Apt. 727, , ,"Wyattville,",NC,13064,US,U,19950525,F,S, , , , , , ,Terry.Pacheco@example.org,,20190415,E,2103.8,,,,,,,,,,,,,,,,,,,,,,,,,,,,20160315,20160315,T,N,20160315,T,12,3,,68726.08,,5727.17,,F,,,,N,,,E,,,,,,,,,,,,,,,,,,,,,,,,NA,,,,2,,,-,
D,NYU Langone Health System,47-2613531,407141,GS1,407141,GS1,407141,GS1,1,12,100000032,100000032,,Daniel,,Mcguire,4943 Jason Locks Apt. 026, , ,"South Ericburgh,",NC,92655,US,U,19910401,F,P, , , , , , ,Daniel.Mcguire@example.org,,20190415,Q,1456.89,,,,,,,,,,,,,,,,,,,,,,,,,,,,20120722,20120722,R,F,20120722,F,12,7,,92793.64,,7732.8,,F,,,,N,,,N,,,,,,,,,,,,,,,,,,,,,,,,NA,,,,1,,,-,
D,NYU School of Medicine,13-5562309,403400,GS1,403400,GS1,403400,GS1,1,12,100000033,100000033,,Rebecca,,Cook,484 Martin Garden, , ,"East Amanda,",OR,41021,US,U,19920328,F,S, , , , , , ,Rebecca.Cook@example.org,,20190415,Q,6142.02,,,,,,,,,,,,,,,,,,,,,,,,,,,,20131108,20131108,T,A,20131108,F,12,6,,114483.61,,9540.3,,C,,,,Y,,,N,,,,,,,,,,,,,,,,,,,,,,,,AUTO,,,,2,,,-,
D,NYU Hospitals Center,13-3971298,151576,GA1,151576,GA1,151576,GA1,1,12,100000034,100000034,,Kayla,,Miller,410 Mitchell Lights,Suite 799, ,"Port Benjamin,",NY,48670,US,U,19901117,M,P, , , , , , ,Kayla.Miller@example.org,,20190415,Q,1209.74,,,,,,,,,,,,,,,,,,,,,,,,,,,,20160730,20160730,L,P,20160730,F,12,3,,123085.25,,10257.1,,F,,,,Y,,,N,,,,,,,,,,,,,,,,,,,,,,,,NA,,,,1,,,-,
D,NYU School of Medicine,13-5562309,407140,GA1,407140,GA1,407140,GA1,1,12,100000035,100000035,,Michael,,Richmond,2079 Franklin Garden Apt. 291, , ,"Edwardhaven,",NY,21687,US,U,19940412,F,Q, , , , , , ,Michael.Richmond@example.org,,20190415,B,2441.68,,,,,,,,,,,,,,,,,,,,,,,,,,,,20171228,20171228,T,R,20171228,F,12,2,,72616.98,,6051.41,,P,,,,N,,,P,,,,,,,,,,,,,,,,,,,,,,,,NA,,,,2,,,-,
D,NYU Hospitals Center,13-3971298,407141,GA1,407141,GA1,407141,GA1,1,12,100000036,100000036,,Jaclyn,,Miller,42988 Edwin Stream,Suite 079, ,"West Dawn,",OK,20706,US,U,19940903,M,P, , , , , , ,Jaclyn.Miller@example.org,,20190415,G,9032.99,,,,,,,,,,,,,,,,,,,,,,,,,,,,20120604,20120604,P,A,20120604,L,12,7,,138728.97,,11560.75,,P,,,,Y,,,A,,,,,,,,,,,,,,,,,,,,,,,,AUTO,,,,4,,,-,
D,NYU Langone Health System,47-2613531,151562,GS1,151562,GS1,151562,GS1,1,12,100000037,100000037,,Jennifer,,Bates,1982 Edwin Bridge, , ,"New Richard,",IA,77948,US,U,19911128,F,M, , , , , , ,Jennifer.Bates@example.org,,20190415,4,3101.4,,,,,,,,,,,,,,,,,,,,,,,,,,,,20160817,20160817,L, ,20160817,T,12,3,,80360.47,,6696.71,,C,,,,N,,,X,,,,,,,,,,,,,,,,,,,,,,,,SELF,,,,2,,,-,
D,NYU Hospitals Center,13-3971298,407141,GS1,407141,GS1,407141,GS1,1,12,100000038,100000038,,Michael,,Santos,Unit 0090,Apt 7294, ,DPO,AE,40186,US,U,19980507,M,Q, , , , , , ,Michael.Santos@example.org,,20190415,A,3023.03,,,,,,,,,,,,,,,,,,,,,,,,,,,,20171222,20171222,E,E,20171222,L,12,2,,103763.9,,8646.99,,P,,,,Y,,,X,,,,,,,,,,,,,,,,,,,,,,,,SELF,,,,1,,,-,
D,NYU School of Medicine,13-5562309,407140,GA1,407140,GA1,407140,GA1,1,12,100000039,100000039,,Nathan,,Nunez,05706 Cunningham Crest, , ,"South Deannashire,",AK,91698,US,U,19911025,M,Q, , , , , , ,Nathan.Nunez@example.org,,20190415,K,3086.03,,,,,,,,,,,,,,,,,,,,,,,,,,,,20170502,20170502,R, ,20170502,F,12,2,,73799.44,,6149.95,,P,,,,N,,,P,,,,,,,,,,,,,,,,,,,,,,,,AUTO,,,,2,,,-,
D,NYU Langone Health System,47-2613531,407141,GA1,407141,GA1,407141,GA1,1,12,100000040,100000040,,Daniel,,Burton,626 Rachael Drives, , ,"North Reneeview,",WY,53725,US,U,19980130,F,M, , , , , , ,Daniel.Burton@example.org,,20190415,G,1145.13,,,,,,,,,,,,,,,,,,,,,,,,,,,,20181212,20181212,R,O,20181212,L,12,1,,138828.11,,11569.01,,P,,,,Y,,,P,,,,,,,,,,,,,,,,,,,,,,,,SELF,,,,1,,,-,
D,NYU School of Medicine,13-5562309,151576,GS1,151576,GS1,151576,GS1,1,12,100000041,100000041,,Rhonda,,Wiley,548 Zhang Pass, , ,"Port Aaron,",CT,53506,US,U,19990615,F,Q, , , , , , ,Rhonda.Wiley@example.org,,20190415,Q,2276.89,,,,,,,,,,,,,,,,,,,,,,,,,,,,20181103,20181103,E, ,20181103,P,12,1,,129195.32,,10766.28,,C,,,,Y,,,D,,,,,,,,,,,,,,,,,,,,,,,,AUTO,,,,2,,,-,
D,NYU Langone Health System,47-2613531,151562,GA1,151562,GA1,151562,GA1,1,12,100000042,100000042,,Amber,,Singleton,9273 Sanford Ranch, , ,"Davidmouth,",NE,60797,US,U,19920503,F,P, , , , , , ,Amber.Singleton@example.org,,20190415,2,1047.36,,,,,,,,,,,,,,,,,,,,,,,,,,,,20160814,20160814,D,U,20160814,T,12,3,,60234.89,,5019.57,,C,,,,Y,,,D,,,,,,,,,,,,,,,,,,,,,,,,NA,,,,1,,,-,
D,NYU Hospitals Center,13-3971298,407140,GA1,407140,GA1,407140,GA1,1,12,100000043,100000043,,Jacob,,Preston,360 Mitchell Keys, , ,"North Randallview,",PA,52961,US,U,19961208,M,M, , , , , , ,Jacob.Preston@example.org,,20190415,B,3804.35,,,,,,,,,,,,,,,,,,,,,,,,,,,,20180120,20180120,L,R,20180120,F,12,1,,109540.67,,9128.39,,P,,,,Y,,,D,,,,,,,,,,,,,,,,,,,,,,,,OUT,,,,1,,,-,
D,NYU Hospitals Center,13-3971298,403401,GS1,403401,GS1,403401,GS1,1,12,100000044,100000044,,Elizabeth,,Greene,03867 Herrera Spurs,Suite 949, ,"Kimburgh,",MS,47081,US,U,19970205,M,M, , , , , , ,Elizabeth.Greene@example.org,,20190415,2,1420.96,,,,,,,,,,,,,,,,,,,,,,,,,,,,20171028,20171028,L,A,20171028,P,12,2,,137409.45,,11450.79,,F,,,,Y,,,P,,,,,,,,,,,,,,,,,,,,,,,,SELF,,,,1,,,-,
D,NYU Hospitals Center,13-3971298,407140,GS1,407140,GS1,407140,GS1,1,12,100000045,100000045,,Darrell,,Parker,USS Kelly, , ,FPO,AA,71149,US,U,19970212,F,M, , , , , , ,Darrell.Parker@example.org,,20190415,I,3511.83,,,,,,,,,,,,,,,,,,,,,,,,,,,,20160919,20160919,T, ,20160919,P,12,3,,74190.43,,6182.54,,C,,,,N,,,E,,,,,,,,,,,,,,,,,,,,,,,,OUT,,,,4,,,-,
D,NYU School of Medicine,13-5562309,151562,GA1,151562,GA1,151562,GA1,1,12,100000046,100000046,,Christopher,,Sherman,USNV Stein, , ,FPO,AA,74586,US,U,19970607,F,Q, , , , , , ,Christopher.Sherman@example.org,,20190415,2,2709.16,,,,,,,,,,,,,,,,,,,,,,,,,,,,20180409,20180409,D,U,20180409,L,12,1,,95114.58,,7926.22,,P,,,,Y,,,A,,,,,,,,,,,,,,,,,,,,,,,,AUTO,,,,1,,,-,
D,NYU Hospitals Center,13-3971298,403401,GA1,403401,GA1,403401,GA1,1,12,100000047,100000047,,Aaron,,Townsend,1791 Deborah Path Apt. 455, , ,"Port Victoria,",NE,45258,US,U,19910105,M,P, , , , , , ,Aaron.Townsend@example.org,,20190415,K,4994.96,,,,,,,,,,,,,,,,,,,,,,,,,,,,20090123,20090123,L,N,20090123,L,12,10,,71492.89,,5957.74,,C,,,,Y,,,D,,,,,,,,,,,,,,,,,,,,,,,,SELF,,,,1,,,-,
D,NYU Langone Health System,47-2613531,151576,GA1,151576,GA1,151576,GA1,1,12,100000048,100000048,,Mary,,Chan,30352 Jones Expressway,Suite 574, ,"South Christophermouth,",NV,75903,US,U,19940820,M,P, , , , , , ,Mary.Chan@example.org,,20190415,Q,291.72,,,,,,,,,,,,,,,,,,,,,,,,,,,,20120227,20120227,R,E,20120227,P,12,7,,103458.96,,8621.58,,P,,,,N,,,N,,,,,,,,,,,,,,,,,,,,,,,,OUT,,,,4,,,-,
D,NYU School of Medicine,13-5562309,403401,GA1,403401,GA1,403401,GA1,1,12,100000049,100000049,,Cynthia,,Munoz,1888 Kevin Fall,Suite 586, ,"East Williamport,",CA,76563,US,U,19970403,M,S, , , , , , ,Cynthia.Munoz@example.org,,20190415,G,2443,,,,,,,,,,,,,,,,,,,,,,,,,,,,20160414,20160414,E,R,20160414,F,12,3,,106608.38,,8884.03,,F,,,,Y,,,E,,,,,,,,,,,,,,,,,,,,,,,,OUT,,,,4,,,-,
D,NYU School of Medicine,13-5562309,403400,GA1,403400,GA1,403400,GA1,1,12,100000050,100000050,,Mikayla,,Odonnell,47697 Jill Mission Apt. 039, , ,"Lake Megan,",NV,9030,US,U,19951129,F,Q, , , , , , ,Mikayla.Odonnell@example.org,,20190415,4,3976.72,,,,,,,,,,,,,,,,,,,,,,,,,,,,20161214,20161214,P,N,20161214,P,12,3,,53194.34,,4432.86,,C,,,,Y,,,X,,,,,,,,,,,,,,,,,,,,,,,,SELF,,,,4,,,-,
D,NYU Langone Health System,47-2613531,403400,GA1,403400,GA1,403400,GA1,1,12,100000051,100000051,,Phillip,,Walker,32031 George Ports Apt. 861, , ,"Henryview,",PA,93779,US,U,19931007,M,P, , , , , , ,Phillip.Walker@example.org,,20190415,C,616.43,,,,,,,,,,,,,,,,,,,,,,,,,,,,20110610,20110610,D, ,20110610,L,12,8,,111583.04,,9298.59,,F,,,,N,,,A,,,,,,,,,,,,,,,,,,,,,,,,OUT,,,,1,,,-,
D,NYU Langone Health System,47-2613531,151562,GS1,151562,GS1,151562,GS1,1,12,100000052,100000052,,Kathy,,Murphy,721 Andrew Roads Apt. 676, , ,"Garciamouth,",MS,52643,US,U,19960110,F,Q, , , , , , ,Kathy.Murphy@example.org,,20190415,2,3256.16,,,,,,,,,,,,,,,,,,,,,,,,,,,,20150208,20150208,L,E,20150208,F,12,4,,122284.09,,10190.34,,F,,,,Y,,,N,,,,,,,,,,,,,,,,,,,,,,,,NA,,,,1,,,-,
D,NYU Hospitals Center,13-3971298,151579,GA1,151579,GA1,151579,GA1,1,12,100000053,100000053,,Joanna,,Jackson,USNS Malone, , ,FPO,AA,92070,US,U,19900613,F,Q, , , , , , ,Joanna.Jackson@example.org,,20190415,2,714.04,,,,,,,,,,,,,,,,,,,,,,,,,,,,20080802,20080802,D, ,20080802,T,12,11,,63513.56,,5292.8,,C,,,,Y,,,E,,,,,,,,,,,,,,,,,,,,,,,,NA,,,,4,,,-,
D,NYU Langone Health System,47-2613531,151562,GS1,151562,GS1,151562,GS1,1,12,100000054,100000054,,James,,Hansen,99640 Vicki Rapid Apt. 100, , ,"Schneidermouth,",GA,29312,US,U,19960215,F,P, , , , , , ,James.Hansen@example.org,,20190415,I,4716.19,,,,,,,,,,,,,,,,,,,,,,,,,,,,20180630,20180630,R,E,20180630,P,12,1,,103751.95,,8646,,C,,,,N,,,D,,,,,,,,,,,,,,,,,,,,,,,,OUT,,,,4,,,-,
D,NYU Hospitals Center,13-3971298,403401,GA1,403401,GA1,403401,GA1,1,12,100000055,100000055,,Jaime,,Grant,364 Michael Stream Apt. 425, , ,"Port Steven,",WA,28637,US,U,19960425,M,S, , , , , , ,Jaime.Grant@example.org,,20190415,E,1014.18,,,,,,,,,,,,,,,,,,,,,,,,,,,,20140920,20140920,E,O,20140920,F,12,5,,122895.19,,10241.27,,F,,,,N,,,X,,,,,,,,,,,,,,,,,,,,,,,,OUT,,,,2,,,-,
D,NYU Langone Health System,47-2613531,407141,GA1,407141,GA1,407141,GA1,1,12,100000056,100000056,,Devin,,Moore,19132 Charles Roads, , ,"Lake Zacharystad,",LA,1579,US,U,19911126,M,M, , , , , , ,Devin.Moore@example.org,,20190415,K,7049.6,,,,,,,,,,,,,,,,,,,,,,,,,,,,20140802,20140802,E,R,20140802,F,12,5,,110083.55,,9173.63,,P,,,,Y,,,A,,,,,,,,,,,,,,,,,,,,,,,,NA,,,,4,,,-,
D,NYU School of Medicine,13-5562309,151562,GA1,151562,GA1,151562,GA1,1,12,100000057,100000057,,Nicole,,Osborn,154 Steven Harbors,Suite 785, ,"Georgeshire,",MI,80935,US,U,19911129,M,P, , , , , , ,Nicole.Osborn@example.org,,20190415,2,4725.86,,,,,,,,,,,,,,,,,,,,,,,,,,,,20181008,20181008,T, ,20181008,L,12,1,,86590.25,,7215.85,,F,,,,N,,,N,,,,,,,,,,,,,,,,,,,,,,,,OUT,,,,2,,,-,
D,NYU Hospitals Center,13-3971298,151562,GA1,151562,GA1,151562,GA1,1,12,100000058,100000058,,Jeffrey,,Smith,23868 Seth Tunnel, , ,"Lake Feliciaton,",AR,90483,US,U,19910331,M,S, , , , , , ,Jeffrey.Smith@example.org,,20190415,G,5748.94,,,,,,,,,,,,,,,,,,,,,,,,,,,,20160915,20160915,L, ,20160915,T,12,3,,76126.41,,6343.87,,F,,,,N,,,E,,,,,,,,,,,,,,,,,,,,,,,,OUT,,,,1,,,-,
D,NYU School of Medicine,13-5562309,151579,GS1,151579,GS1,151579,GS1,1,12,100000059,100000059,,Latoya,,Brown,8830 Huber Common,Suite 283, ,"Robertsport,",AK,31472,US,U,19920303,M,M, , , , , , ,Latoya.Brown@example.org,,20190415,4,3450.95,,,,,,,,,,,,,,,,,,,,,,,,,,,,20100613,20100613,P, ,20100613,T,12,9,,63955.71,,5329.64,,F,,,,Y,,,A,,,,,,,,,,,,,,,,,,,,,,,,NA,,,,1,,,-,
D,NYU Hospitals Center,13-3971298,407141,GS1,407141,GS1,407141,GS1,1,12,100000060,100000060,,Michelle,,Anderson,97205 Jorge Fork, , ,"South Davidville,",LA,80271,US,U,19980313,F,S, , , , , , ,Michelle.Anderson@example.org,,20190415,G,6111.84,,,,,,,,,,,,,,,,,,,,,,,,,,,,20170513,20170513,L, ,20170513,L,12,2,,139361.42,,11613.45,,F,,,,Y,,,N,,,,,,,,,,,,,,,,,,,,,,,,SELF,,,,1,,,-,
D,NYU Langone Health System,47-2613531,403400,GA1,403400,GA1,403400,GA1,1,12,100000061,100000061,,Lori,,Hudson,8355 Coleman Place,Suite 136, ,"Jacobview,",DC,92030,US,U,19920228,M,S, , , , , , ,Lori.Hudson@example.org,,20190415,G,7251.44,,,,,,,,,,,,,,,,,,,,,,,,,,,,20100928,20100928,P,F,20100928,P,12,9,,92738.88,,7728.24,,C,,,,N,,,P,,,,,,,,,,,,,,,,,,,,,,,,AUTO,,,,2,,,-,
D,NYU School of Medicine,13-5562309,151576,GA1,151576,GA1,151576,GA1,1,12,100000062,100000062,,Christine,,Mercer,2685 Carter Divide, , ,"West Dianaburgh,",AK,27612,US,U,19980113,M,M, , , , , , ,Christine.Mercer@example.org,,20190415,C,2389.87,,,,,,,,,,,,,,,,,,,,,,,,,,,,20180325,20180325,E, ,20180325,L,12,1,,65320.23,,5443.35,,C,,,,N,,,N,,,,,,,,,,,,,,,,,,,,,,,,SELF,,,,2,,,-,
D,NYU Hospitals Center,13-3971298,151562,GS1,151562,GS1,151562,GS1,1,12,100000063,100000063,,Julie,,Richards,3499 Christopher Terrace,Suite 613, ,"Port Deannaview,",PA,2341,US,U,19990809,M,P, , , , , , ,Julie.Richards@example.org,,20190415,I,1213.18,,,,,,,,,,,,,,,,,,,,,,,,,,,,20180825,20180825,P, ,20180825,P,12,1,,52869.76,,4405.81,,P,,,,Y,,,X,,,,,,,,,,,,,,,,,,,,,,,,AUTO,,,,4,,,-,
D,NYU Hospitals Center,13-3971298,151576,GA1,151576,GA1,151576,GA1,1,12,100000064,100000064,,Richard,,Haynes,2159 Wilson Knolls, , ,"Farmerburgh,",AZ,88600,US,U,19980213,F,S, , , , , , ,Richard.Haynes@example.org,,20190415,E,1584.24,,,,,,,,,,,,,,,,,,,,,,,,,,,,20160213,20160213,R,P,20160213,T,12,3,,75347.96,,6279,,P,,,,N,,,D,,,,,,,,,,,,,,,,,,,,,,,,AUTO,,,,1,,,-,
D,NYU School of Medicine,13-5562309,151576,GA1,151576,GA1,151576,GA1,1,12,100000065,100000065,,Natalie,,Pruitt,28371 Buckley Islands, , ,"Michellechester,",NE,57559,US,U,19931230,M,M, , , , , , ,Natalie.Pruitt@example.org,,20190415,Q,8397.88,,,,,,,,,,,,,,,,,,,,,,,,,,,,20150430,20150430,E,P,20150430,T,12,4,,111566.53,,9297.21,,C,,,,N,,,P,,,,,,,,,,,,,,,,,,,,,,,,SELF,,,,2,,,-,
D,NYU Hospitals Center,13-3971298,151576,GS1,151576,GS1,151576,GS1,1,12,100000066,100000066,,Nicholas,,Bernard,563 Palmer Plains, , ,"Jeanmouth,",CT,51771,US,U,19900328,M,M, , , , , , ,Nicholas.Bernard@example.org,,20190415,I,3532.72,,,,,,,,,,,,,,,,,,,,,,,,,,,,20091118,20091118,D, ,20091118,P,12,10,,58361.23,,4863.44,,F,,,,Y,,,X,,,,,,,,,,,,,,,,,,,,,,,,OUT,,,,1,,,-,
D,NYU Hospitals Center,13-3971298,407140,GS1,407140,GS1,407140,GS1,1,12,100000067,100000067,,Teresa,,Scott,45860 Rebecca Mountain, , ,"Port Samantha,",CO,38116,US,U,19970815,M,M, , , , , , ,Teresa.Scott@example.org,,20190415,C,597.3,,,,,,,,,,,,,,,,,,,,,,,,,,,,20170910,20170910,T,U,20170910,L,12,2,,62789.8,,5232.48,,C,,,,N,,,P,,,,,,,,,,,,,,,,,,,,,,,,AUTO,,,,1,,,-,
D,NYU School of Medicine,13-5562309,407141,GS1,407141,GS1,407141,GS1,1,12,100000068,100000068,,Brandon,,Davis,935 Michael Landing, , ,"Levystad,",TX,50892,US,U,19970315,F,P, , , , , , ,Brandon.Davis@example.org,,20190415,H,3577.54,,,,,,,,,,,,,,,,,,,,,,,,,,,,20180130,20180130,E,R,20180130,F,12,1,,59139.4,,4928.28,,C,,,,Y,,,D,,,,,,,,,,,,,,,,,,,,,,,,OUT,,,,2,,,-,
D,NYU Langone Health System,47-2613531,403401,GA1,403401,GA1,403401,GA1,1,12,100000069,100000069,,Barbara,,Davis,0433 Martinez Mill, , ,"Alexburgh,",WA,13199,US,U,19951106,M,M, , , , , , ,Barbara.Davis@example.org,,20190415,E,2261.66,,,,,,,,,,,,,,,,,,,,,,,,,,,,20130202,20130202,P,F,20130202,L,12,6,,68786.84,,5732.24,,F,,,,N,,,E,,,,,,,,,,,,,,,,,,,,,,,,OUT,,,,4,,,-,
D,NYU School of Medicine,13-5562309,403400,GA1,403400,GA1,403400,GA1,1,12,100000070,100000070,,Karen,,Bautista,45517 Anthony Overpass,Suite 198, ,"South Michael,",NC,29054,US,U,19961217,F,Q, , , , , , ,Karen.Bautista@example.org,,20190415,Q,3414.12,,,,,,,,,,,,,,,,,,,,,,,,,,,,20180210,20180210,P,O,20180210,L,12,1,,101051.6,,8420.97,,P,,,,Y,,,D,,,,,,,,,,,,,,,,,,,,,,,,AUTO,,,,4,,,-,
D,NYU School of Medicine,13-5562309,403400,GA1,403400,GA1,403400,GA1,1,12,100000071,100000071,,Kimberly,,Lee,582 Baker River Apt. 049, , ,"North Jennifer,",OH,11529,US,U,19920225,F,Q, , , , , , ,Kimberly.Lee@example.org,,20190415,E,5901.5,,,,,,,,,,,,,,,,,,,,,,,,,,,,20160916,20160916,R,O,20160916,L,12,3,,104105.74,,8675.48,,C,,,,N,,,X,,,,,,,,,,,,,,,,,,,,,,,,SELF,,,,4,,,-,
D,NYU Hospitals Center,13-3971298,407140,GS1,407140,GS1,407140,GS1,1,12,100000072,100000072,,Angel,,Hill,4580 Angela View, , ,"Wrightmouth,",UT,70356,US,U,19901130,F,M, , , , , , ,Angel.Hill@example.org,,20190415,4,2281.17,,,,,,,,,,,,,,,,,,,,,,,,,,,,20100709,20100709,T,F,20100709,F,12,9,,126440.11,,10536.68,,C,,,,N,,,A,,,,,,,,,,,,,,,,,,,,,,,,OUT,,,,1,,,-,
D,NYU Langone Health System,47-2613531,151562,GS1,151562,GS1,151562,GS1,1,12,100000073,100000073,,Adam,,Schmidt,9373 Day Trace, , ,"Blakemouth,",PA,81983,US,U,19991108,F,S, , , , , , ,Adam.Schmidt@example.org,,20190415,Q,2253.86,,,,,,,,,,,,,,,,,,,,,,,,,,,,20181028,20181028,T, ,20181028,T,12,1,,50413.49,,4201.12,,P,,,,Y,,,P,,,,,,,,,,,,,,,,,,,,,,,,AUTO,,,,1,,,-,
D,NYU Hospitals Center,13-3971298,403401,GS1,403401,GS1,403401,GS1,1,12,100000074,100000074,,Robert,,Edwards,1333 Schultz Crest Apt. 655, , ,"East Benjamin,",MT,16618,US,U,19910409,F,S, , , , , , ,Robert.Edwards@example.org,,20190415,A,426.17,,,,,,,,,,,,,,,,,,,,,,,,,,,,20091227,20091227,D,M,20091227,F,12,10,,71962.21,,5996.85,,F,,,,N,,,P,,,,,,,,,,,,,,,,,,,,,,,,AUTO,,,,2,,,-,
D,NYU Hospitals Center,13-3971298,151576,GA1,151576,GA1,151576,GA1,1,12,100000075,100000075,,Amanda,,Mcmahon,641 Eugene Parkways, , ,"Martinshire,",IL,3714,US,U,19930512,F,S, , , , , , ,Amanda.Mcmahon@example.org,,20190415,4,137.95,,,,,,,,,,,,,,,,,,,,,,,,,,,,20160402,20160402,T,N,20160402,L,12,3,,76474.08,,6372.84,,F,,,,N,,,A,,,,,,,,,,,,,,,,,,,,,,,,OUT,,,,2,,,-,
D,NYU Langone Health System,47-2613531,151579,GS1,151579,GS1,151579,GS1,1,12,100000076,100000076,,Mark,,Coleman,33982 Hall Pass,Suite 227, ,"West Walterside,",WV,25711,US,U,19950329,M,Q, , , , , , ,Mark.Coleman@example.org,,20190415,I,1046.28,,,,,,,,,,,,,,,,,,,,,,,,,,,,20180216,20180216,D, ,20180216,P,12,1,,60209.82,,5017.48,,P,,,,Y,,,X,,,,,,,,,,,,,,,,,,,,,,,,AUTO,,,,2,,,-,
D,NYU School of Medicine,13-5562309,407140,GS1,407140,GS1,407140,GS1,1,12,100000077,100000077,,Gary,,Sanchez,967 Christopher Islands, , ,"Port Jeromefurt,",CO,36725,US,U,19970616,F,M, , , , , , ,Gary.Sanchez@example.org,,20190415,I,1425.47,,,,,,,,,,,,,,,,,,,,,,,,,,,,20171209,20171209,P,A,20171209,T,12,2,,56402.64,,4700.22,,F,,,,Y,,,E,,,,,,,,,,,,,,,,,,,,,,,,SELF,,,,4,,,-,
D,NYU Hospitals Center,13-3971298,151579,GS1,151579,GS1,151579,GS1,1,12,100000078,100000078,,Latoya,,Williams,05335 Dennis Way,Suite 692, ,"East Victorbury,",IN,56909,US,U,19901101,M,S, , , , , , ,Latoya.Williams@example.org,,20190415,A,989.49,,,,,,,,,,,,,,,,,,,,,,,,,,,,20161220,20161220,L,R,20161220,T,12,3,,113611.52,,9467.63,,C,,,,N,,,P,,,,,,,,,,,,,,,,,,,,,,,,SELF,,,,1,,,-,
D,NYU School of Medicine,13-5562309,151579,GA1,151579,GA1,151579,GA1,1,12,100000079,100000079,,Jacob,,Henry,54557 Michael Groves, , ,"West Andrewmouth,",PA,69829,US,U,19900302,F,S, , , , , , ,Jacob.Henry@example.org,,20190415,I,5271,,,,,,,,,,,,,,,,,,,,,,,,,,,,20180204,20180204,E, ,20180204,P,12,1,,102504.12,,8542.01,,F,,,,Y,,,E,,,,,,,,,,,,,,,,,,,,,,,,NA,,,,1,,,-,
D,NYU Hospitals Center,13-3971298,403400,GA1,403400,GA1,403400,GA1,1,12,100000080,100000080,,Jennifer,,Leach,762 Smith Haven Apt. 947, , ,"Copelandfurt,",CO,546,US,U,19960821,F,P, , , , , , ,Jennifer.Leach@example.org,,20190415,C,8421.65,,,,,,,,,,,,,,,,,,,,,,,,,,,,20170813,20170813,L, ,20170813,T,12,2,,129623.96,,10802,,P,,,,N,,,N,,,,,,,,,,,,,,,,,,,,,,,,AUTO,,,,1,,,-,
D,NYU Langone Health System,47-2613531,403400,GA1,403400,GA1,403400,GA1,1,12,100000081,100000081,,Brandy,,Ellison,24172 Eric Rapid, , ,"Walkerland,",NV,37313,US,U,19940202,F,Q, , , , , , ,Brandy.Ellison@example.org,,20190415,E,3854.31,,,,,,,,,,,,,,,,,,,,,,,,,,,,20181109,20181109,L, ,20181109,F,12,1,,107247.45,,8937.29,,P,,,,N,,,D,,,,,,,,,,,,,,,,,,,,,,,,SELF,,,,4,,,-,
D,NYU Langone Health System,47-2613531,403401,GA1,403401,GA1,403401,GA1,1,12,100000082,100000082,,Christopher,,Miles,285 Patel Streets,Suite 766, ,"South Susanville,",NE,67152,US,U,19911215,M,M, , , , , , ,Christopher.Miles@example.org,,20190415,K,1620.54,,,,,,,,,,,,,,,,,,,,,,,,,,,,20131008,20131008,R,P,20131008,F,12,6,,108502.31,,9041.86,,F,,,,N,,,N,,,,,,,,,,,,,,,,,,,,,,,,OUT,,,,4,,,-,
D,NYU Langone Health System,47-2613531,407141,GS1,407141,GS1,407141,GS1,1,12,100000083,100000083,,Nathan,,Moran,496 Ryan Lodge,Suite 851, ,"Sueton,",TX,7336,US,U,19970413,M,P, , , , , , ,Nathan.Moran@example.org,,20190415,I,7841.9,,,,,,,,,,,,,,,,,,,,,,,,,,,,20150907,20150907,R, ,20150907,L,12,4,,130578.23,,10881.52,,P,,,,N,,,E,,,,,,,,,,,,,,,,,,,,,,,,NA,,,,4,,,-,
D,NYU Langone Health System,47-2613531,403401,GS1,403401,GS1,403401,GS1,1,12,100000084,100000084,,Valerie,,Mathews,"PSC 2666,",Apt 1672, ,APO,AP,3635,US,U,19900524,F,P, , , , , , ,Valerie.Mathews@example.org,,20190415,B,5484.62,,,,,,,,,,,,,,,,,,,,,,,,,,,,20180805,20180805,D, ,20180805,F,12,1,,116971.54,,9747.63,,F,,,,N,,,E,,,,,,,,,,,,,,,,,,,,,,,,SELF,,,,2,,,-,
D,NYU Langone Health System,47-2613531,407141,GS1,407141,GS1,407141,GS1,1,12,100000085,100000085,,Michael,,Robbins,158 Victoria Ranch Apt. 387, , ,"West Maryberg,",WA,90987,US,U,19940901,M,S, , , , , , ,Michael.Robbins@example.org,,20190415,Q,1798.2,,,,,,,,,,,,,,,,,,,,,,,,,,,,20161029,20161029,T, ,20161029,T,12,3,,50778.95,,4231.58,,C,,,,Y,,,X,,,,,,,,,,,,,,,,,,,,,,,,NA,,,,4,,,-,
D,NYU School of Medicine,13-5562309,403401,GA1,403401,GA1,403401,GA1,1,12,100000086,100000086,,Lisa,,Peck,47555 Nicholson Flat, , ,"Brandonbury,",CO,44644,US,U,19930315,M,S, , , , , , ,Lisa.Peck@example.org,,20190415,A,9116.66,,,,,,,,,,,,,,,,,,,,,,,,,,,,20121102,20121102,E,A,20121102,F,12,7,,117522.38,,9793.53,,F,,,,Y,,,D,,,,,,,,,,,,,,,,,,,,,,,,OUT,,,,4,,,-,
D,NYU Hospitals Center,13-3971298,407140,GA1,407140,GA1,407140,GA1,1,12,100000087,100000087,,Erica,,Reed,855 Stewart Stravenue Apt. 575, , ,"New Robert,",MA,48042,US,U,19900925,M,P, , , , , , ,Erica.Reed@example.org,,20190415,I,477.52,,,,,,,,,,,,,,,,,,,,,,,,,,,,20170328,20170328,R,A,20170328,P,12,2,,79474.23,,6622.85,,C,,,,N,,,A,,,,,,,,,,,,,,,,,,,,,,,,AUTO,,,,4,,,-,
D,NYU School of Medicine,13-5562309,151562,GS1,151562,GS1,151562,GS1,1,12,100000088,100000088,,Jennifer,,Chang,447 Michael Stravenue,Suite 071, ,"New Meagan,",KY,1295,US,U,19961004,F,P, , , , , , ,Jennifer.Chang@example.org,,20190415,G,3395.1,,,,,,,,,,,,,,,,,,,,,,,,,,,,20150926,20150926,L, ,20150926,P,12,4,,117401.68,,9783.47,,F,,,,Y,,,A,,,,,,,,,,,,,,,,,,,,,,,,AUTO,,,,1,,,-,
D,NYU Langone Health System,47-2613531,403401,GA1,403401,GA1,403401,GA1,1,12,100000089,100000089,,Kimberly,,Compton,4517 Poole Run,Suite 393, ,"West Michaelchester,",OR,30418,US,U,19950529,F,P, , , , , , ,Kimberly.Compton@example.org,,20190415,C,6594.78,,,,,,,,,,,,,,,,,,,,,,,,,,,,20170825,20170825,T,M,20170825,F,12,2,,120237.34,,10019.78,,P,,,,N,,,E,,,,,,,,,,,,,,,,,,,,,,,,AUTO,,,,1,,,-,
D,NYU Hospitals Center,13-3971298,407140,GS1,407140,GS1,407140,GS1,1,12,100000090,100000090,,Anthony,,Perez,7332 Rios Spring,Suite 206, ,"Amberstad,",AR,63480,US,U,19910319,M,Q, , , , , , ,Anthony.Perez@example.org,,20190415,I,479.9,,,,,,,,,,,,,,,,,,,,,,,,,,,,20171014,20171014,P, ,20171014,P,12,2,,60916.26,,5076.36,,C,,,,Y,,,P,,,,,,,,,,,,,,,,,,,,,,,,NA,,,,2,,,-,
D,NYU Hospitals Center,13-3971298,403401,GA1,403401,GA1,403401,GA1,1,12,100000091,100000091,,Timothy,,Peters,USCGC Vega, , ,FPO,AA,44551,US,U,19971103,F,Q, , , , , , ,Timothy.Peters@example.org,,20190415,H,2667.99,,,,,,,,,,,,,,,,,,,,,,,,,,,,20161107,20161107,R,R,20161107,T,12,3,,136704.05,,11392,,F,,,,Y,,,A,,,,,,,,,,,,,,,,,,,,,,,,SELF,,,,1,,,-,
D,NYU School of Medicine,13-5562309,407140,GA1,407140,GA1,407140,GA1,1,12,100000092,100000092,,Crystal,,Rogers,77485 Albert Unions, , ,"Joshuabury,",ME,6307,US,U,19940714,M,M, , , , , , ,Crystal.Rogers@example.org,,20190415,B,6552.58,,,,,,,,,,,,,,,,,,,,,,,,,,,,20180513,20180513,L,P,20180513,T,12,1,,125179.77,,10431.65,,F,,,,Y,,,P,,,,,,,,,,,,,,,,,,,,,,,,OUT,,,,4,,,-,
D,NYU Hospitals Center,13-3971298,151579,GS1,151579,GS1,151579,GS1,1,12,100000093,100000093,,Brian,,Garcia,4464 Michelle Brook,Suite 057, ,"Penaland,",OH,46452,US,U,19950902,F,S, , , , , , ,Brian.Garcia@example.org,,20190415,E,1911.33,,,,,,,,,,,,,,,,,,,,,,,,,,,,20160817,20160817,P,P,20160817,P,12,3,,83587.19,,6965.6,,C,,,,N,,,D,,,,,,,,,,,,,,,,,,,,,,,,NA,,,,4,,,-,
D,NYU Hospitals Center,13-3971298,151562,GS1,151562,GS1,151562,GS1,1,12,100000094,100000094,,Laurie,,Mckenzie,17446 Dennis Lakes, , ,"Anthonyton,",SD,88467,US,U,19930306,M,S, , , , , , ,Laurie.Mckenzie@example.org,,20190415,4,8931.44,,,,,,,,,,,,,,,,,,,,,,,,,,,,20160318,20160318,L,P,20160318,L,12,3,,121298.29,,10108.19,,P,,,,N,,,D,,,,,,,,,,,,,,,,,,,,,,,,OUT,,,,4,,,-,
D,NYU Hospitals Center,13-3971298,151562,GS1,151562,GS1,151562,GS1,1,12,100000095,100000095,,Raymond,,Reilly,185 Brandon Court,Suite 121, ,"South Thomasfurt,",LA,34516,US,U,19920221,F,S, , , , , , ,Raymond.Reilly@example.org,,20190415,4,3336.3,,,,,,,,,,,,,,,,,,,,,,,,,,,,20151013,20151013,R,P,20151013,P,12,4,,105688.69,,8807.39,,C,,,,Y,,,P,,,,,,,,,,,,,,,,,,,,,,,,OUT,,,,4,,,-,
D,NYU School of Medicine,13-5562309,151562,GS1,151562,GS1,151562,GS1,1,12,100000096,100000096,,Daniel,,Sullivan,480 Weber Shoal, , ,"Perryville,",TN,60176,US,U,19960504,F,Q, , , , , , ,Daniel.Sullivan@example.org,,20190415,G,914.79,,,,,,,,,,,,,,,,,,,,,,,,,,,,20170922,20170922,D, ,20170922,T,12,2,,61485.93,,5123.83,,C,,,,N,,,P,,,,,,,,,,,,,,,,,,,,,,,,OUT,,,,2,,,-,
D,NYU Langone Health System,47-2613531,151579,GS1,151579,GS1,151579,GS1,1,12,100000097,100000097,,Leon,,Martinez,112 Pope Centers,Suite 705, ,"Garciahaven,",TN,84532,US,U,19961019,F,S, , , , , , ,Leon.Martinez@example.org,,20190415,A,4534.41,,,,,,,,,,,,,,,,,,,,,,,,,,,,20160305,20160305,R,O,20160305,L,12,3,,56137.84,,4678.15,,C,,,,Y,,,A,,,,,,,,,,,,,,,,,,,,,,,,AUTO,,,,4,,,-,
D,NYU Hospitals Center,13-3971298,403401,GA1,403401,GA1,403401,GA1,1,12,100000098,100000098,,Francisco,,Moon,9878 Norris Roads, , ,"Port Gerald,",SD,97777,US,U,19990508,M,S, , , , , , ,Francisco.Moon@example.org,,20190415,E,1905.99,,,,,,,,,,,,,,,,,,,,,,,,,,,,20180603,20180603,L,O,20180603,F,12,1,,121942.38,,10161.86,,P,,,,Y,,,P,,,,,,,,,,,,,,,,,,,,,,,,NA,,,,1,,,-,
D,NYU Hospitals Center,13-3971298,151579,GS1,151579,GS1,151579,GS1,1,12,100000099,100000099,,Lindsay,,Henderson,4684 Hall Island, , ,"Hannahfort,",IN,50621,US,U,19930222,M,S, , , , , , ,Lindsay.Henderson@example.org,,20190415,K,2154.15,,,,,,,,,,,,,,,,,,,,,,,,,,,,20161217,20161217,E,A,20161217,P,12,3,,62724.19,,5227.02,,C,,,,Y,,,X,,,,,,,,,,,,,,,,,,,,,,,,NA,,,,1,,,-,
SPARKTR,101,48500.99, , ,,,,,,,,,,,,,,,,,,,,,,,,,,,,,,,,,,,,,,,,,,,,,,,,,,,,,,,,,,,,,,,,,,,,,,,,,,,,,,,,,,,,,,,,,,,,,,,,,,,,,,,,,,,,,,,,,,