D,NYU Hospitals Center,47-2613531,151576,GA1,151576,GA1,151576,GA1, ,26,1662414,1000040, ,Sarah,,Miranda,"PSC 1017,",Box 4332, ,APO,AE,84691,US,U, ,F,M, , , , , , ,Sarah.Miranda@example.org,20171020, ,823.87
D,NYU School of Medicine,13-3971298,151579,GA1,151579,GA1,151579,GA1, ,26,1902622,1000075, ,Regina,,Nelson,1235 Barber Ferry, , ,"Port Alejandrohaven,",LA,90565,US,U, ,F,S, , , , , , ,Regina.Nelson@example.org,20171020,E,599.98
D,NYU Langone Health System,13-5562309,403401,GS1,403401,GS1,403401,GS1, ,26,2201710,1000122, ,Taylor,,Perry,"PSC 9228,",Box 1099, ,APO,AA,05321,US,U, ,M,S, , , , , , ,Taylor.Perry@example.org,20171020,E,382.55
D,NYU School of Medicine,47-2613531,403400,GA1,403400,GA1,403400,GA1, ,26,2476300,1000161, ,Benjamin,,Jackson,922 Henderson Islands, , ,"Lake Matthewside,",NV,27384,US,U, ,M,M, , , , , , ,Benjamin.Jackson@example.org,20171020, ,402.4
D,NYU Hospitals Center,13-5562309,151562,GA1,151562,GA1,151562,GA1, ,26,2692664,1000192, ,Joseph,,Moreno,00493 Hernandez Flats,Apt. 104, ,"North Marvin,",NV,74273,US,U, ,M,S, , , , , , ,Joseph.Moreno@example.org,20171020, ,596.99
D,NYU School of Medicine,13-5562309,407140,GA1,407140,GA1,407140,GA1, ,26,2949830,1000203, ,Bryan,,Gardner,56881 Wolf Highway,Suite 079, ,"South Joshua,",VT,12488,US,U, ,F,S, , , , , , ,Bryan.Gardner@example.org,20171020, ,457.67
D,NYU Hospitals Center,47-2613531,403400,GS1,403400,GS1,403400,GS1, ,26,3174000,1000221, ,Gary,,Becker,7472 Matthew Spur,Apt. 687, ,"Lewisfort,",NC,94288,US,U, ,M,M, , , , , , ,Gary.Becker@example.org,20171020, ,231.01
D,NYU Hospitals Center,13-5562309,151576,GS1,151576,GS1,151576,GS1, ,26,3405481,1000225, ,Tina,,Simpson,2512 Justin Row,Apt. 283, ,"Michaelfort,",PA,72175,US,U, ,M,M, , , , , , ,Tina.Simpson@example.org,20171020,E,339.93
D,NYU Hospitals Center,13-5562309,151576,GS1,151576,GS1,151576,GS1, ,26,3637279,1000246, ,Patricia,,Morgan,6656 Gonzales Shoals, , ,"South Deniseburgh,",CA,44649,US,U, ,M,M, , , , , , ,Patricia.Morgan@example.org,20171020, ,851.32
D,NYU School of Medicine,13-5562309,151576,GS1,151576,GS1,151576,GS1, ,26,3892537,1000276, ,Charles,,Phillips,0081 Melissa Springs,Apt. 634, ,"Anneview,",RI,44646,US,U, ,F,M, , , , , , ,Charles.Phillips@example.org,20171020,E,672.6
D,NYU Langone Health System,47-2613531,403401,GS1,403401,GS1,403401,GS1, ,26,4145586,1000313, ,Diana,,Combs,34534 Mathews Corners, , ,"Lesliestad,",FL,05078,US,U, ,F,S, , , , , , ,Diana.Combs@example.org,20171020,E,435.72
D,NYU Hospitals Center,13-3971298,151579,GS1,151579,GS1,151579,GS1, ,26,4427900,1000354, ,Brooke,,Bennett,5763 Luke Pike,Apt. 317, ,"Gatesfort,",WA,04311,US,U, ,M,S, , , , , , ,Brooke.Bennett@example.org,20171020, ,348.38
D,NYU School of Medicine,13-3971298,151562,GS1,151562,GS1,151562,GS1, ,26,4656058,1000357, ,Jennifer,,Moore,549 Ronnie Fords,Suite 767, ,"North Suzanneborough,",MD,57983,US,U, ,F,S, , , , , , ,Jennifer.Moore@example.org,20171020,E,647.43
D,NYU Hospitals Center,13-5562309,151562,GA1,151562,GA1,151562,GA1, ,26,4882016,1000386, ,Edward,,Ramos,710 James Court,Apt. 267, ,"Lindsaytown,",ME,45017,US,U, ,M,S, , , , , , ,Edward.Ramos@example.org,20171020,E,504.14
D,NYU Hospitals Center,13-3971298,403401,GA1,403401,GA1,403401,GA1, ,26,5118593,1000427, ,Morgan,,Davis,91800 Keith Spring,Apt. 115, ,"Port Debraville,",SC,06064,US,U, ,F,S, , , , , , ,Morgan.Davis@example.org,20171020, ,310.1
D,NYU School of Medicine,13-3971298,407141,GS1,407141,GS1,407141,GS1, ,26,5401629,1000470, ,Raymond,,Mason,762 Sandra Tunnel, , ,"Port Timothyville,",SC,12372,US,U, ,F,M, , , , , , ,Raymond.Mason@example.org,20171020,E,666.04
D,NYU Hospitals Center,13-5562309,403401,GS1,403401,GS1,403401,GS1, ,26,5606364,1000506, ,Matthew,,Perez,USCGC Davis, , ,FPO,AE,50482,US,U, ,M,S, , , , , , ,Matthew.Perez@example.org,20171020,E,781.01
D,NYU Langone Health System,47-2613531,407140,GS1,407140,GS1,407140,GS1, ,26,5857571,1000550, ,Laura,,Hancock,6230 Valenzuela Passage, , ,"Dunnfurt,",WV,29475,US,U, ,M,S, , , , , , ,Laura.Hancock@example.org,20171020, ,826.29
D,NYU Langone Health System,13-3971298,151562,GS1,151562,GS1,151562,GS1, ,26,6097598,1000572, ,Kenneth,,Wise,684 Cobb Coves,Apt. 173, ,"Petersbury,",IA,02730,US,U, ,M,M, , , , , , ,Kenneth.Wise@example.org,20171020,E,719.17
D,NYU School of Medicine,13-3971298,151562,GS1,151562,GS1,151562,GS1, ,26,6374181,1000594, ,David,,Myers,2229 Pittman Road,Suite 350, ,"Johnstown,",IA,15036,US,U, ,M,M, , , , , , ,David.Myers@example.org,20171020, ,678.89
D,NYU Langone Health System,47-2613531,151579,GS1,151579,GS1,151579,GS1, ,26,6666361,1000639, ,Mark,,Sanders,8770 Nelson Inlet,Apt. 536, ,"Ryanview,",MI,49597,US,U, ,F,M, , , , , , ,Mark.Sanders@example.org,20171020, ,479.06
D,NYU School of Medicine,13-5562309,151562,GS1,151562,GS1,151562,GS1, ,26,6876683,1000661, ,Lisa,,Flynn,3692 Chandler Greens, , ,"Ryanton,",WI,51355,US,U, ,M,S, , , , , , ,Lisa.Flynn@example.org,20171020,E,373.85
D,NYU Hospitals Center,13-3971298,403400,GS1,403400,GS1,403400,GS1, ,26,7100118,1000665, ,Shari,,Edwards,USNS Moss, , ,FPO,AE,15714,US,U, ,F,S, , , , , , ,Shari.Edwards@example.org,20171020,E,734.64
D,NYU Hospitals Center,13-5562309,151576,GA1,151576,GA1,151576,GA1, ,26,7360140,1000706, ,Nancy,,Moore,568 Michael Fields, , ,"Port Elijah,",AR,22801,US,U, ,M,S, , , , , , ,Nancy.Moore@example.org,20171020,E,213.42
D,NYU School of Medicine,13-3971298,407141,GA1,407141,GA1,407141,GA1, ,26,7596947,1000724, ,Brandon,,Humphrey,"PSC 5596,",Box 3175, ,APO,AE,56921,US,U, ,F,S, , , , , , ,Brandon.Humphrey@example.org,20171020, ,684.18
D,NYU Hospitals Center,47-2613531,403400,GA1,403400,GA1,403400,GA1, ,26,7883023,1000728, ,James,,Baker,8684 Shannon Underpass, , ,"Robertside,",HI,10364,US,U, ,F,M, , , , , , ,James.Baker@example.org,20171020, ,436.45
D,NYU School of Medicine,13-3971298,151579,GA1,151579,GA1,151579,GA1, ,26,8133156,1000770, ,Daniel,,Jensen,31881 Katherine Knoll,Apt. 474, ,"North Patrick,",HI,09518,US,U, ,M,S, , , , , , ,Daniel.Jensen@example.org,20171020, ,383.13
D,NYU Langone Health System,13-3971298,151576,GA1,151576,GA1,151576,GA1, ,26,8354787,1000777, ,Edward,,Wilson,1532 Robert Stravenue,Apt. 646, ,"Brookebury,",KS,86276,US,U, ,M,S, , , , , , ,Edward.Wilson@example.org,20171020,E,814.13
D,NYU Hospitals Center,13-3971298,403401,GS1,403401,GS1,403401,GS1, ,26,8567894,1000807, ,Willie,,Williams,Unit 8660,Box 2049, ,DPO,AA,23433,US,U, ,M,M, , , , , , ,Willie.Williams@example.org,20171020,E,210.18
D,NYU School of Medicine,47-2613531,403400,GA1,403400,GA1,403400,GA1, ,26,8846504,1000847, ,Todd,,Brady,59584 Powell Corner,Apt. 362, ,"New Albert,",WI,67683,US,U, ,F,M, , , , , , ,Todd.Brady@example.org,20171020, ,507.04
D,NYU School of Medicine,13-3971298,403400,GA1,403400,GA1,403400,GA1, ,26,9075471,1000896, ,Margaret,,Taylor,7131 Jennifer Freeway,Suite 825, ,"Danielsport,",ID,53610,US,U, ,F,M, , , , , , ,Margaret.Taylor@example.org,20171020,E,466.48
D,NYU Hospitals Center,13-5562309,403401,GA1,403401,GA1,403401,GA1, ,26,9289015,1000946, ,Kelly,,Kirby,0830 Morgan Row,Suite 253, ,"Sarahton,",HI,27686,US,U, ,M,S, , , , , , ,Kelly.Kirby@example.org,20171020,E,788.29
D,NYU School of Medicine,13-5562309,403400,GS1,403400,GS1,403400,GS1, ,26,9498871,1000976, ,Megan,,Schmidt,4585 Blackwell Fall,Suite 795, ,"West Eric,",AL,39579,US,U, ,F,S, , , , , , ,Megan.Schmidt@example.org,20171020,E,283.76
D,NYU Langone Health System,13-5562309,407140,GA1,407140,GA1,407140,GA1, ,26,9705203,1000986, ,Renee,,Valdez,75032 Jennifer Rest,Apt. 331, ,"Lake Richardborough,",WY,39138,US,U, ,F,M, , , , , , ,Renee.Valdez@example.org,20171020, ,692.09
D,NYU School of Medicine,13-5562309,151579,GS1,151579,GS1,151579,GS1, ,26,9991629,1000999, ,Casey,,Wallace,864 Durham Causeway,Suite 812, ,"Armstrongchester,",OR,47645,US,U, ,M,S, , , , , , ,Casey.Wallace@example.org,20171020, ,186.43
D,NYU Langone Health System,47-2613531,407141,GS1,407141,GS1,407141,GS1, ,26,10214227,1001032, ,Julie,,Garcia,"PSC 2718,",Box 2376, ,APO,AE,33798,US,U, ,F,M, , , , , , ,Julie.Garcia@example.org,20171020,E,379.62
D,NYU School of Medicine,13-3971298,403400,GA1,403400,GA1,403400,GA1, ,26,10500005,1001060, ,Monique,,Poole,6902 Cruz Bridge, , ,"Jamesland,",SC,16387,US,U, ,M,S, , , , , , ,Monique.Poole@example.org,20171020, ,825.18
D,NYU Langone Health System,47-2613531,151576,GS1,151576,GS1,151576,GS1, ,26,10730582,1001085, ,Kelly,,Watts,3039 Jessica Creek, , ,"Lake William,",NM,80505,US,U, ,F,S, , , , , , ,Kelly.Watts@example.org,20171020,E,244.24
D,NYU Hospitals Center,13-5562309,151576,GS1,151576,GS1,151576,GS1, ,26,11010802,1001091, ,Christopher,,King,USNV Green, , ,FPO,AA,51385,US,U, ,M,S, , , , , , ,Christopher.King@example.org,20171020,E,834.69
D,NYU School of Medicine,47-2613531,151579,GS1,151579,GS1,151579,GS1, ,26,11258127,1001136, ,Cameron,,Nelson,555 Petersen Islands, , ,"South Lancefort,",UT,10766,US,U, ,M,S, , , , , , ,Cameron.Nelson@example.org,20171020,E,776.02
D,NYU School of Medicine,47-2613531,403401,GS1,403401,GS1,403401,GS1, ,26,11464422,1001159, ,Catherine,,Clark,409 Thompson Underpass,Apt. 207, ,"Solisview,",IA,04213,US,U, ,M,S, , , , , , ,Catherine.Clark@example.org,20171020, ,367.63
D,NYU School of Medicine,47-2613531,403400,GA1,403400,GA1,403400,GA1, ,26,11737479,1001173, ,Karen,,Fuller,5054 Bowen Rest,Apt. 491, ,"Barnesmouth,",WV,89419,US,U, ,M,M, , , , , , ,Karen.Fuller@example.org,20171020, ,230.81
D,NYU Hospitals Center,47-2613531,407141,GS1,407141,GS1,407141,GS1, ,26,12022041,1001179, ,Amy,,Mora,48946 Wilson Passage, , ,"North Christopherview,",NH,63594,US,U, ,M,S, , , , , , ,Amy.Mora@example.org,20171020, ,842.17
D,NYU Hospitals Center,47-2613531,407141,GA1,407141,GA1,407141,GA1, ,26,12314075,1001214, ,Chase,,Wilkins,363 Evans Mill, , ,"Clarkmouth,",CT,52106,US,U, ,M,M, , , , , , ,Chase.Wilkins@example.org,20171020, ,469.09
D,NYU Langone Health System,13-5562309,407140,GA1,407140,GA1,407140,GA1, ,26,12606064,1001221, ,Alyssa,,Villanueva,635 Micheal Highway,Apt. 648, ,"North Jeffery,",SC,56086,US,U, ,M,M, , , , , , ,Alyssa.Villanueva@example.org,20171020,E,204.48
D,NYU Langone Health System,47-2613531,403400,GS1,403400,GS1,403400,GS1, ,26,12895099,1001252, ,Adam,,Nguyen,73062 Suzanne Island, , ,"Jesusburgh,",ME,53165,US,U, ,M,S, , , , , , ,Adam.Nguyen@example.org,20171020, ,820.89
D,NYU Hospitals Center,13-3971298,151576,GS1,151576,GS1,151576,GS1, ,26,13113113,1001280, ,Adam,,Le,531 Michael Corner, , ,"Davismouth,",TX,45868,US,U, ,F,S, , , , , , ,Adam.Le@example.org,20171020,E,157.43
D,NYU Langone Health System,13-3971298,407141,GS1,407141,GS1,407141,GS1, ,26,13363894,1001327, ,Robert,,Downs,8206 Bennett Ridges, , ,"Carrieshire,",KS,91471,US,U, ,F,S, , , , , , ,Robert.Downs@example.org,20171020,E,431.53
D,NYU School of Medicine,13-5562309,403400,GS1,403400,GS1,403400,GS1, ,26,13624866,1001346, ,Jesse,,Blackwell,49564 Stephanie Glens,Apt. 621, ,"North Christine,",NC,52162,US,U, ,M,M, , , , , , ,Jesse.Blackwell@example.org,20171020,E,441.16
D,NYU School of Medicine,13-3971298,151579,GS1,151579,GS1,151579,GS1, ,26,13908024,1001371, ,Ashley,,Curtis,9028 Delgado Neck, , ,"Port Luis,",HI,68327,US,U, ,F,M, , , , , , ,Ashley.Curtis@example.org,20171020,E,814.58
D,NYU School of Medicine,13-3971298,403401,GS1,403401,GS1,403401,GS1, ,26,14192491,1001375, ,Melissa,,Lee,USCGC Henson, , ,FPO,AP,25872,US,U, ,F,S, , , , , , ,Melissa.Lee@example.org,20171020, ,713.85
D,NYU Langone Health System,47-2613531,407141,GA1,407141,GA1,407141,GA1, ,26,14453975,1001411, ,Michael,,Steele,3728 Cindy Spring,Apt. 445, ,"Lindseyville,",MN,89384,US,U, ,M,M, , , , , , ,Michael.Steele@example.org,20171020, ,896.61
D,NYU Hospitals Center,13-5562309,403401,GA1,403401,GA1,403401,GA1, ,26,14729681,1001415, ,Jacob,,Dougherty,6716 Hicks Flat,Suite 924, ,"Adamport,",CO,87406,US,U, ,F,M, , , , , , ,Jacob.Dougherty@example.org,20171020, ,831.34
D,NYU School of Medicine,47-2613531,151562,GS1,151562,GS1,151562,GS1, ,26,14998479,1001439, ,Sean,,Brown,628 Frazier Harbor, , ,"North Michelle,",AL,06772,US,U, ,M,M, , , , , , ,Sean.Brown@example.org,20171020,E,741.52
D,NYU Hospitals Center,13-3971298,403400,GS1,403400,GS1,403400,GS1, ,26,15289292,1001444, ,Lindsey,,Wilson,43544 Mary Creek,Suite 278, ,"Kaylaton,",WI,97115,US,U, ,F,M, , , , , , ,Lindsey.Wilson@example.org,20171020, ,514.75
D,NYU Langone Health System,13-5562309,403401,GS1,403401,GS1,403401,GS1, ,26,15513918,1001457, ,Deborah,,Taylor,9900 Daniel Hills,Apt. 275, ,"Joelhaven,",IA,60232,US,U, ,F,S, , , , , , ,Deborah.Taylor@example.org,20171020, ,370.15
D,NYU Langone Health System,13-5562309,151579,GS1,151579,GS1,151579,GS1, ,26,15714234,1001493, ,Ryan,,Davis,9793 Higgins Junctions, , ,"Barkerberg,",FL,59759,US,U, ,F,S, , , , , , ,Ryan.Davis@example.org,20171020, ,660.87
D,NYU Langone Health System,13-5562309,151579,GS1,151579,GS1,151579,GS1, ,26,15979545,1001526, ,Natalie,,Martin,0401 Stephanie Underpass,Apt. 822, ,"Liuview,",MA,26064,US,U, ,M,S, , , , , , ,Natalie.Martin@example.org,20171020,E,487.96
D,NYU Langone Health System,13-5562309,407140,GS1,407140,GS1,407140,GS1, ,26,16256970,1001536, ,Daniel,,Doyle,04880 Weber Gateway,Apt. 540, ,"Lake David,",AK,26364,US,U, ,F,S, , , , , , ,Daniel.Doyle@example.org,20171020, ,830.6
D,NYU Hospitals Center,13-5562309,403401,GA1,403401,GA1,403401,GA1, ,26,16535217,1001564, ,Holly,,Dalton,65395 Katherine Bypass,Apt. 286, ,"Joannetown,",NH,54717,US,U, ,M,M, , , , , , ,Holly.Dalton@example.org,20171020,E,600.92
D,NYU School of Medicine,47-2613531,151576,GA1,151576,GA1,151576,GA1, ,26,16800824,1001613, ,Jennifer,,Ramsey,144 Michelle Point,Suite 468, ,"New Kevinburgh,",KY,21442,US,U, ,F,M, , , , , , ,Jennifer.Ramsey@example.org,20171020,E,752.61
D,NYU School of Medicine,47-2613531,151579,GS1,151579,GS1,151579,GS1, ,26,17066814,1001620, ,Roy,,Duncan,918 Shannon Neck,Apt. 614, ,"West Michael,",CT,21361,US,U, ,F,M, , , , , , ,Roy.Duncan@example.org,20171020, ,247.15
D,NYU Hospitals Center,13-3971298,403400,GS1,403400,GS1,403400,GS1, ,26,17275355,1001632, ,Christopher,,Koch,144 Anderson Route, , ,"Jenniferchester,",NV,66768,US,U, ,F,M, , , , , , ,Christopher.Koch@example.org,20171020,E,727.8
D,NYU Hospitals Center,13-5562309,151576,GS1,151576,GS1,151576,GS1, ,26,17534216,1001674, ,Kelly,,Taylor,8237 Karen Isle, , ,"Penabury,",VA,99020,US,U, ,F,M, , , , , , ,Kelly.Taylor@example.org,20171020,E,433.5
D,NYU School of Medicine,47-2613531,407140,GS1,407140,GS1,407140,GS1, ,26,17735905,1001677, ,Rachel,,Dean,8846 Gonzalez Shoals, , ,"New Patrick,",IN,61333,US,U, ,M,M, , , , , , ,Rachel.Dean@example.org,20171020, ,85.12
D,NYU Hospitals Center,47-2613531,403401,GS1,403401,GS1,403401,GS1, ,26,17996814,1001703, ,Jeffrey,,Gordon,05646 Mark Circle, , ,"Jonesborough,",NC,03347,US,U, ,M,S, , , , , , ,Jeffrey.Gordon@example.org,20171020, ,836.18
D,NYU Langone Health System,13-3971298,407141,GS1,407141,GS1,407141,GS1, ,26,18291646,1001733, ,Richard,,Carter,81075 Wagner Point,Apt. 012, ,"New Brettchester,",TX,22396,US,U, ,M,S, , , , , , ,Richard.Carter@example.org,20171020,E,416.78
D,NYU School of Medicine,47-2613531,151562,GA1,151562,GA1,151562,GA1, ,26,18508545,1001754, ,John,,Rivera,75237 May Expressway,Suite 676, ,"Phillipmouth,",WI,54795,US,U, ,M,M, , , , , , ,John.Rivera@example.org,20171020,E,480.51
D,NYU Langone Health System,47-2613531,403401,GA1,403401,GA1,403401,GA1, ,26,18710123,1001769, ,Ashley,,Booker,631 Miller Lodge, , ,"Lake Jennifer,",NC,57595,US,U, ,F,S, , , , , , ,Ashley.Booker@example.org,20171020, ,393.73
D,NYU Hospitals Center,47-2613531,151562,GS1,151562,GS1,151562,GS1, ,26,18939206,1001802, ,Mark,,Reynolds,296 Harold Club,Suite 000, ,"West Scott,",MN,65144,US,U, ,M,M, , , , , , ,Mark.Reynolds@example.org,20171020,E,432.65
D,NYU Langone Health System,47-2613531,151579,GS1,151579,GS1,151579,GS1, ,26,19194291,1001839, ,Nicole,,Wolfe,7675 Donald Square,Suite 930, ,"East Steven,",OR,24321,US,U, ,F,M, , , , , , ,Nicole.Wolfe@example.org,20171020, ,243.7
D,NYU Hospitals Center,47-2613531,403400,GA1,403400,GA1,403400,GA1, ,26,19472455,1001847, ,Travis,,Kirk,2234 Matthew Shoal,Apt. 056, ,"East Sherry,",NE,66200,US,U, ,M,M, , , , , , ,Travis.Kirk@example.org,20171020,E,603.82
D,NYU Hospitals Center,13-3971298,403400,GA1,403400,GA1,403400,GA1, ,26,19714949,1001880, ,Caitlin,,Boyd,14923 Ray Circles, , ,"North Randytown,",ID,06047,US,U, ,M,M, , , , , , ,Caitlin.Boyd@example.org,20171020, ,413.98
D,NYU School of Medicine,13-5562309,151579,GA1,151579,GA1,151579,GA1, ,26,19967209,1001900, ,Christopher,,Johnson,"PSC 3388,",Box 0568, ,APO,AA,97196,US,U, ,F,M, , , , , , ,Christopher.Johnson@example.org,20171020,E,710.72
D,NYU Langone Health System,13-3971298,151562,GS1,151562,GS1,151562,GS1, ,26,20236644,1001937, ,Herbert,,Mcintyre,06732 Mark Walk,Apt. 692, ,"Rogerstown,",UT,27705,US,U, ,M,M, , , , , , ,Herbert.Mcintyre@example.org,20171020, ,684.52
D,NYU Hospitals Center,13-3971298,407141,GA1,407141,GA1,407141,GA1, ,26,20493699,1001955, ,Madison,,Ramos,971 Walter Knoll,Suite 870, ,"South Emilymouth,",AR,63453,US,U, ,M,S, , , , , , ,Madison.Ramos@example.org,20171020,E,651.23
D,NYU School of Medicine,13-3971298,151576,GS1,151576,GS1,151576,GS1, ,26,20737476,1001975, ,Alexis,,Castillo,42939 Saunders Junctions, , ,"South Joseshire,",GA,21046,US,U, ,F,S, , , , , , ,Alexis.Castillo@example.org,20171020,E,607.26
D,NYU Langone Health System,13-5562309,151576,GS1,151576,GS1,151576,GS1, ,26,21005478,1002000, ,Katherine,,Kerr,6589 Hendricks Tunnel, , ,"North Mollyton,",OR,46852,US,U, ,F,S, , , , , , ,Katherine.Kerr@example.org,20171020,E,542.36
D,NYU Hospitals Center,47-2613531,403401,GA1,403401,GA1,403401,GA1, ,26,21230658,1002005, ,Aaron,,Walker,13196 Jones Common, , ,"Port Michael,",MA,90258,US,U, ,M,S, , , , , , ,Aaron.Walker@example.org,20171020, ,133.32
D,NYU Hospitals Center,47-2613531,407140,GA1,407140,GA1,407140,GA1, ,26,21511559,1002054, ,Maria,,Short,685 Norman Passage,Suite 878, ,"Port Samantha,",KY,86133,US,U, ,M,S, , , , , , ,Maria.Short@example.org,20171020,E,104.51
D,NYU School of Medicine,13-5562309,407141,GA1,407141,GA1,407141,GA1, ,26,21719595,1002075, ,Jason,,Hamilton,076 Martin Summit,Suite 376, ,"New Beth,",MD,42890,US,U, ,M,S, , , , , , ,Jason.Hamilton@example.org,20171020, ,415.23
D,NYU School of Medicine,47-2613531,151562,GA1,151562,GA1,151562,GA1, ,26,21999983,1002112, ,Tina,,Brown,3101 Lindsay Oval, , ,"North Yvonne,",KS,53513,US,U, ,F,M, , , , , , ,Tina.Brown@example.org,20171020,E,746.32
D,NYU Hospitals Center,47-2613531,151576,GA1,151576,GA1,151576,GA1, ,26,22220351,1002124, ,Amanda,,Bowen,4598 Samuel Squares, , ,"Woodsside,",GA,29206,US,U, ,F,M, , , , , , ,Amanda.Bowen@example.org,20171020, ,324.44
D,NYU School of Medicine,13-5562309,151579,GS1,151579,GS1,151579,GS1, ,26,22506561,1002171, ,Donald,,Garcia,4377 Turner Land,Suite 603, ,"North Normaberg,",ID,37980,US,U, ,M,M, , , , , , ,Donald.Garcia@example.org,20171020,E,759.34
D,NYU Langone Health System,13-3971298,403400,GS1,403400,GS1,403400,GS1, ,26,22731531,1002219, ,Mario,,Beard,4513 Dominguez Cliffs, , ,"Jameschester,",ID,26039,US,U, ,M,S, , , , , , ,Mario.Beard@example.org,20171020,E,83.66
D,NYU Langone Health System,47-2613531,407141,GS1,407141,GS1,407141,GS1, ,26,22949300,1002228, ,Alexander,,Lopez,8348 Thompson Meadows, , ,"Ericaside,",CT,16985,US,U, ,F,S, , , , , , ,Alexander.Lopez@example.org,20171020, ,565.98
D,NYU Langone Health System,47-2613531,407141,GA1,407141,GA1,407141,GA1, ,26,23150825,1002243, ,Frank,,Guerrero,787 Johnson Ridges,Apt. 703, ,"South Stevenland,",SC,93455,US,U, ,M,S, , , , , , ,Frank.Guerrero@example.org,20171020,E,732.29
D,NYU Langone Health System,47-2613531,151579,GA1,151579,GA1,151579,GA1, ,26,23437847,1002282, ,Cole,,Mccoy,33895 Jennifer Villages,Suite 663, ,"Stanleychester,",HI,04751,US,U, ,F,M, , , , , , ,Cole.Mccoy@example.org,20171020, ,725.4
D,NYU School of Medicine,47-2613531,407140,GS1,407140,GS1,407140,GS1, ,26,23709763,1002316, ,Patricia,,Lowery,85799 Jennifer Landing,Suite 155, ,"West Kristenberg,",ID,90157,US,U, ,F,S, , , , , , ,Patricia.Lowery@example.org,20171020,E,353.18
D,NYU Langone Health System,13-3971298,151579,GA1,151579,GA1,151579,GA1, ,26,23925958,1002326, ,Christopher,,Daniels,8173 Moody Harbor,Suite 662, ,"South Richard,",NC,81013,US,U, ,F,M, , , , , , ,Christopher.Daniels@example.org,20171020,E,667.91
D,NYU School of Medicine,47-2613531,403400,GA1,403400,GA1,403400,GA1, ,26,24164817,1002332, ,Jerry,,Wallace,682 Lisa Forges, , ,"Victorstad,",CA,65180,US,U, ,F,S, , , , , , ,Jerry.Wallace@example.org,20171020,E,205.59
D,NYU Hospitals Center,13-3971298,403400,GA1,403400,GA1,403400,GA1, ,26,24458179,1002339, ,Heather,,Stephenson,9474 Freeman Mill,Suite 905, ,"West Larryview,",SC,69226,US,U, ,F,S, , , , , , ,Heather.Stephenson@example.org,20171020, ,245.55
D,NYU School of Medicine,13-3971298,403400,GS1,403400,GS1,403400,GS1, ,26,24745850,1002357, ,Cheryl,,Johnson,83328 Carrie Crossing,Suite 741, ,"Larrymouth,",PA,80962,US,U, ,M,M, , , , , , ,Cheryl.Johnson@example.org,20171020,E,139.17
D,NYU School of Medicine,13-3971298,151562,GS1,151562,GS1,151562,GS1, ,26,24992106,1002383, ,Michael,,Cox,16224 Blair Ranch,Suite 761, ,"New Tracey,",AL,50637,US,U, ,F,S, , , , , , ,Michael.Cox@example.org,20171020, ,704.02
D,NYU School of Medicine,47-2613531,407141,GA1,407141,GA1,407141,GA1, ,26,25256947,1002401, ,David,,Nguyen,7698 Roth View,Suite 779, ,"Kathrynmouth,",PA,47726,US,U, ,F,M, , , , , , ,David.Nguyen@example.org,20171020, ,445.23
D,NYU Langone Health System,13-3971298,151579,GS1,151579,GS1,151579,GS1, ,26,25536979,1002444, ,Andrew,,Snyder,495 Wilson Motorway, , ,"West Joshuaville,",OH,95684,US,U, ,M,M, , , , , , ,Andrew.Snyder@example.org,20171020, ,540.11
D,NYU School of Medicine,13-3971298,151579,GA1,151579,GA1,151579,GA1, ,26,25791693,1002456, ,Jack,,Serrano,USNS Diaz, , ,FPO,AP,81590,US,U, ,M,S, , , , , , ,Jack.Serrano@example.org,20171020, ,219.56
D,NYU School of Medicine,13-3971298,151579,GS1,151579,GS1,151579,GS1, ,26,26026821,1002491, ,Jennifer,,Ross,910 Jordan Locks, , ,"Proctortown,",IN,71399,US,U, ,M,S, , , , , , ,Jennifer.Ross@example.org,20171020, ,179.61
D,NYU School of Medicine,13-5562309,407140,GA1,407140,GA1,407140,GA1, ,26,26247142,1002495, ,Jacob,,White,5587 Robert Lodge,Apt. 390, ,"East Kimberly,",WY,61054,US,U, ,M,S, , , , , , ,Jacob.White@example.org,20171020, ,825.02
D,NYU Hospitals Center,47-2613531,407141,GA1,407141,GA1,407141,GA1, ,26,1688119,1000052, ,Sarah,,Stevens,5973 Teresa Point, , ,"West George,",MT,70409,US,U, ,M,S, , , , , , ,Sarah.Stevens@example.org,20171020,E,393.74
D,NYU Langone Health System,13-3971298,151562,GS1,151562,GS1,151562,GS1, ,26,1947507,1000080, ,Gordon,,Turner,515 Susan Route,Apt. 646, ,"Lake Anastad,",NE,52500,US,U, ,F,S, , , , , , ,Gordon.Turner@example.org,20171020,E,365.7
D,NYU School of Medicine,13-5562309,151562,GA1,151562,GA1,151562,GA1, ,26,2212508,1000109, ,David,,Clark,2533 Sara Lake, , ,"Davidhaven,",NJ,32867,US,U, ,F,M, , , , , , ,David.Clark@example.org,20171020,E,451.99
D,NYU Langone Health System,13-3971298,403400,GA1,403400,GA1,403400,GA1, ,26,2437875,1000119, ,Lisa,,Hall,"PSC 6893,",Box 7806, ,APO,AP,23952,US,U, ,F,S, , , , , , ,Lisa.Hall@example.org,20171020, ,494.97
D,NYU School of Medicine,13-3971298,407140,GA1,407140,GA1,407140,GA1, ,26,2730896,1000165, ,Timothy,,James,USNV Jones, , ,FPO,AE,45817,US,U, ,M,S, , , , , , ,Timothy.James@example.org,20171020, ,207.46
D,NYU School of Medicine,13-5562309,151562,GS1,151562,GS1,151562,GS1, ,26,2937378,1000169, ,Nancy,,Hensley,9746 Brown Rapids, , ,"North Danielle,",MA,34704,US,U, ,F,M, , , , , , ,Nancy.Hensley@example.org,20171020, ,148.53
D,NYU Langone Health System,13-5562309,151562,GA1,151562,GA1,151562,GA1, ,26,3210974,1000177, ,Lisa,,Stone,USNS Robinson, , ,FPO,AA,81995,US,U, ,M,S, , , , , , ,Lisa.Stone@example.org,20171020, ,141.37
D,NYU Hospitals Center,47-2613531,407141,GS1,407141,GS1,407141,GS1, ,26,3478650,1000190, ,Gerald,,Baker,USCGC Tyler, , ,FPO,AA,86852,US,U, ,F,M, , , , , , ,Gerald.Baker@example.org,20171020,E,605.09
D,NYU Hospitals Center,13-3971298,403401,GS1,403401,GS1,403401,GS1, ,26,3765393,1000202, ,Lindsey,,Jensen,198 Allen Bypass,Suite 059, ,"Anthonyville,",KY,18739,US,U, ,F,M, , , , , , ,Lindsey.Jensen@example.org,20171020, ,512.14
D,NYU School of Medicine,13-3971298,407140,GA1,407140,GA1,407140,GA1, ,26,4022192,1000219, ,Mr.,,David,766 Rebecca Island,Apt. 691, ,"West Timothyshire,",MA,43352,US,U, ,F,S, , , , , , ,Mr..David@example.org,20171020, ,673.07
D,NYU School of Medicine,13-3971298,151579,GA1,151579,GA1,151579,GA1, ,26,4244919,1000258, ,Shannon,,Vargas,3392 Courtney Valleys,Apt. 606, ,"Port Debbie,",OH,23257,US,U, ,M,S, , , , , , ,Shannon.Vargas@example.org,20171020, ,834.58
D,NYU Langone Health System,13-3971298,151562,GA1,151562,GA1,151562,GA1, ,26,4517220,1000304, ,Michael,,Jackson,85642 Griffin Shoals, , ,"South Michael,",MO,49356,US,U, ,F,S, , , , , , ,Michael.Jackson@example.org,20171020, ,313.88
D,NYU Hospitals Center,13-3971298,407140,GS1,407140,GS1,407140,GS1, ,26,4750268,1000336, ,Candice,,Hernandez,89780 Kaitlyn Courts, , ,"Livingstonberg,",LA,98878,US,U, ,M,M, , , , , , ,Candice.Hernandez@example.org,20171020, ,291.86
D,NYU Langone Health System,47-2613531,151579,GS1,151579,GS1,151579,GS1, ,26,5046386,1000363, ,Isabella,,Campbell,Unit 8258,Box 0228, ,DPO,AE,74575,US,U, ,F,M, , , , , , ,Isabella.Campbell@example.org,20171020, ,870.41
D,NYU Hospitals Center,47-2613531,403400,GS1,403400,GS1,403400,GS1, ,26,5323987,1000366, ,Amy,,Gallegos,086 Campbell Dam,Suite 924, ,"Olsenshire,",MO,35454,US,U, ,M,M, , , , , , ,Amy.Gallegos@example.org,20171020,E,719.88
D,NYU Hospitals Center,47-2613531,403400,GA1,403400,GA1,403400,GA1, ,26,5589709,1000400, ,Gregory,,Bishop,94001 Paul Crescent, , ,"North Jeanneberg,",GA,80663,US,U, ,M,S, , , , , , ,Gregory.Bishop@example.org,20171020,E,441.9
D,NYU Hospitals Center,13-5562309,151576,GS1,151576,GS1,151576,GS1, ,26,5834874,1000417, ,Heather,,Hernandez,7436 Wilson Radial, , ,"Marshtown,",MN,50792,US,U, ,M,M, , , , , , ,Heather.Hernandez@example.org,20171020, ,304.23
D,NYU School of Medicine,13-3971298,407140,GA1,407140,GA1,407140,GA1, ,26,6061544,1000463, ,Debra,,Santos,5099 Kirby Court,Suite 074, ,"Morganfort,",TX,47306,US,U, ,F,S, , , , , , ,Debra.Santos@example.org,20171020, ,661.32
D,NYU School of Medicine,13-3971298,407140,GS1,407140,GS1,407140,GS1, ,26,6338075,1000482, ,Nicholas,,Thompson,Unit 7177,Box 0114, ,DPO,AP,54693,US,U, ,M,S, , , , , , ,Nicholas.Thompson@example.org,20171020, ,368.08
D,NYU Hospitals Center,47-2613531,151576,GA1,151576,GA1,151576,GA1, ,26,6539461,1000532, ,Matthew,,Allen,21302 Lisa Orchard, , ,"West Sarah,",MT,38163,US,U, ,F,S, , , , , , ,Matthew.Allen@example.org,20171020, ,537.09
D,NYU Hospitals Center,47-2613531,151579,GS1,151579,GS1,151579,GS1, ,26,6805816,1000541, ,Nicholas,,Koch,160 Tammy Lights, , ,"North Kevinborough,",SC,15811,US,U, ,M,M, , , , , , ,Nicholas.Koch@example.org,20171020, ,98.03
D,NYU Langone Health System,13-3971298,151576,GS1,151576,GS1,151576,GS1, ,26,7033725,1000565, ,Mary,,Vega,38051 Mike Grove,Suite 049, ,"Russellborough,",NE,89944,US,U, ,M,S, , , , , , ,Mary.Vega@example.org,20171020,E,694.45
D,NYU School of Medicine,13-3971298,151562,GS1,151562,GS1,151562,GS1, ,26,7272521,1000572, ,Denise,,Trujillo,72913 Stacey Knolls,Apt. 880, ,"North Tracieport,",MO,20688,US,U, ,F,S, , , , , , ,Denise.Trujillo@example.org,20171020, ,129.68
D,NYU Hospitals Center,13-5562309,403400,GA1,403400,GA1,403400,GA1, ,26,7571299,1000597, ,Isaiah,,Hill,90247 Sheila Manors,Apt. 584, ,"Paulfurt,",CO,45313,US,U, ,M,S, , , , , , ,Isaiah.Hill@example.org,20171020, ,221.2
D,NYU Hospitals Center,13-5562309,151576,GS1,151576,GS1,151576,GS1, ,26,7861657,1000601, ,Katherine,,Spencer,1027 Patel Course, , ,"Knightberg,",NV,50068,US,U, ,M,S, , , , , , ,Katherine.Spencer@example.org,20171020,E,412.9
D,NYU Langone Health System,13-5562309,151562,GA1,151562,GA1,151562,GA1, ,26,8127651,1000614, ,Corey,,Phillips,52298 Gina Passage, , ,"Chungberg,",WI,06898,US,U, ,F,S, , , , , , ,Corey.Phillips@example.org,20171020, ,233.95
D,NYU Hospitals Center,13-3971298,151576,GA1,151576,GA1,151576,GA1, ,26,8377958,1000625, ,Mrs.,,Misty,229 Debra Dam, , ,"Cynthiafort,",SC,47567,US,U, ,F,M, , , , , , ,Mrs..Misty@example.org,20171020, ,656.96
D,NYU Hospitals Center,13-3971298,403400,GS1,403400,GS1,403400,GS1, ,26,8613794,1000656, ,James,,Alvarez,98950 David Burg,Apt. 481, ,"Anthonyshire,",SC,75391,US,U, ,M,M, , , , , , ,James.Alvarez@example.org,20171020,E,548.05
D,NYU Langone Health System,13-3971298,403401,GA1,403401,GA1,403401,GA1, ,26,8824516,1000681, ,Morgan,,Jones,0067 Alicia Highway,Suite 067, ,"Sampsontown,",AL,46706,US,U, ,M,S, , , , , , ,Morgan.Jones@example.org,20171020, ,503.79
D,NYU Langone Health System,13-3971298,407140,GA1,407140,GA1,407140,GA1, ,26,9075019,1000731, ,Samantha,,Brooks,155 Mary Expressway, , ,"North Michael,",NY,51749,US,U, ,M,S, , , , , , ,Samantha.Brooks@example.org,20171020,E,554.21
D,NYU Hospitals Center,13-3971298,151562,GA1,151562,GA1,151562,GA1, ,26,9298085,1000736, ,Jeremy,,Pierce,172 Adrian Gardens,Suite 336, ,"New Gregorymouth,",AR,87320,US,U, ,F,M, , , , , , ,Jeremy.Pierce@example.org,20171020,E,392.45
D,NYU Hospitals Center,13-5562309,151579,GA1,151579,GA1,151579,GA1, ,26,9565093,1000754, ,Christopher,,Brown,907 Kelly Canyon,Suite 453, ,"Salinasville,",NH,30689,US,U, ,F,M, , , , , , ,Christopher.Brown@example.org,20171020,E,481.59
D,NYU Langone Health System,47-2613531,151562,GS1,151562,GS1,151562,GS1, ,26,9837150,1000781, ,Jeremy,,Camacho,41002 Garcia Turnpike,Apt. 101, ,"Haydenville,",WV,21077,US,U, ,M,M, , , , , , ,Jeremy.Camacho@example.org,20171020, ,603.29
D,NYU Langone Health System,47-2613531,407140,GS1,407140,GS1,407140,GS1, ,26,10055527,1000809, ,Charles,,Sanchez,860 Allison Greens,Apt. 376, ,"North Timchester,",IN,74431,US,U, ,M,S, , , , , , ,Charles.Sanchez@example.org,20171020, ,576.99
D,NYU Hospitals Center,13-5562309,403400,GA1,403400,GA1,403400,GA1, ,26,10333088,1000835, ,Jonathan,,Thompson,6131 Jeffrey Manors, , ,"Bartonland,",NH,46442,US,U, ,F,S, , , , , , ,Jonathan.Thompson@example.org,20171020, ,319.6
D,NYU Hospitals Center,13-3971298,151562,GS1,151562,GS1,151562,GS1, ,26,10557047,1000861, ,Jessica,,Carr,071 Brandon Dam,Apt. 235, ,"Jensenstad,",WA,13702,US,U, ,F,M, , , , , , ,Jessica.Carr@example.org,20171020,E,477.92
D,NYU School of Medicine,13-3971298,151579,GA1,151579,GA1,151579,GA1, ,26,10846208,1000864, ,Scott,,Cameron,Unit 3638,Box 2611, ,DPO,AP,02093,US,U, ,M,M, , , , , , ,Scott.Cameron@example.org,20171020, ,744.16
D,NYU Langone Health System,13-5562309,151562,GS1,151562,GS1,151562,GS1, ,26,11095924,1000894, ,Michael,,Patton,47446 Mitchell Green,Suite 681, ,"Harveyburgh,",PA,27010,US,U, ,M,M, , , , , , ,Michael.Patton@example.org,20171020,E,263.65
D,NYU Langone Health System,13-3971298,407140,GA1,407140,GA1,407140,GA1, ,26,11380247,1000902, ,Mary,,Landry,4650 Nicholas Burg,Apt. 070, ,"Hicksshire,",LA,14381,US,U, ,M,S, , , , , , ,Mary.Landry@example.org,20171020,E,874.63
D,NYU Langone Health System,13-5562309,403401,GS1,403401,GS1,403401,GS1, ,26,11659965,1000927, ,Lisa,,Butler,0136 Hall Forges,Apt. 840, ,"East Carol,",CT,12118,US,U, ,F,M, , , , , , ,Lisa.Butler@example.org,20171020, ,237.67
D,NYU School of Medicine,13-3971298,403400,GA1,403400,GA1,403400,GA1, ,26,11890886,1000952, ,James,,Smith,8506 Kristen Crescent, , ,"Fowlermouth,",DE,59877,US,U, ,M,M, , , , , , ,James.Smith@example.org,20171020, ,242.51
D,NYU Langone Health System,13-5562309,403400,GA1,403400,GA1,403400,GA1, ,26,12144836,1000962, ,Bruce,,Garcia,8242 Jonathon Greens, , ,"New Cindybury,",AZ,25048,US,U, ,M,S, , , , , , ,Bruce.Garcia@example.org,20171020,E,189.24
D,NYU School of Medicine,13-3971298,403400,GA1,403400,GA1,403400,GA1, ,26,12444382,1000989, ,Suzanne,,Harris,837 Alvarado Centers, , ,"Port Lauren,",NC,26513,US,U, ,M,S, , , , , , ,Suzanne.Harris@example.org,20171020, ,100.86
D,NYU Hospitals Center,13-5562309,407141,GS1,407141,GS1,407141,GS1, ,26,12671949,1001004, ,Mark,,Haney,673 Ronald Rue,Apt. 086, ,"Port Teresa,",ND,26532,US,U, ,F,S, , , , , , ,Mark.Haney@example.org,20171020, ,817.45
D,NYU Hospitals Center,13-5562309,403401,GA1,403401,GA1,403401,GA1, ,26,12939274,1001009, ,Annette,,Weaver,Unit 4698,Box 1471, ,DPO,AP,74921,US,U, ,M,S, , , , , , ,Annette.Weaver@example.org,20171020, ,115.59
D,NYU School of Medicine,13-5562309,151562,GA1,151562,GA1,151562,GA1, ,26,13227381,1001031, ,Miss,,Nicole,09302 Steve Dam, , ,"North Matthew,",NM,06041,US,U, ,F,M, , , , , , ,Miss.Nicole@example.org,20171020,E,714.27
D,NYU School of Medicine,13-3971298,407140,GA1,407140,GA1,407140,GA1, ,26,13435845,1001034, ,Robert,,Johnson,07695 Valdez Roads,Suite 656, ,"Patrickville,",SC,74898,US,U, ,M,M, , , , , , ,Robert.Johnson@example.org,20171020,E,492.13
D,NYU Langone Health System,13-5562309,403401,GA1,403401,GA1,403401,GA1, ,26,13665408,1001052, ,Gregory,,Payne,12605 Hawkins Route,Suite 499, ,"Martinezview,",NY,21232,US,U, ,M,M, , , , , , ,Gregory.Payne@example.org,20171020,E,462.45
D,NYU School of Medicine,13-3971298,151579,GS1,151579,GS1,151579,GS1, ,26,13895799,1001067, ,Cathy,,Powell,03718 Velazquez Crossing,Apt. 010, ,"South Mark,",DE,16409,US,U, ,F,M, , , , , , ,Cathy.Powell@example.org,20171020,E,395.54
D,NYU School of Medicine,47-2613531,403401,GS1,403401,GS1,403401,GS1, ,26,14121037,1001080, ,Steven,,Evans,8937 Brian Ranch,Suite 730, ,"New Johnport,",CO,26965,US,U, ,M,S, , , , , , ,Steven.Evans@example.org,20171020, ,448.16
D,NYU School of Medicine,13-5562309,407141,GA1,407141,GA1,407141,GA1, ,26,14407670,1001128, ,Leah,,Murray,8094 Jose Spring, , ,"Johnburgh,",MI,89653,US,U, ,M,S, , , , , , ,Leah.Murray@example.org,20171020, ,682.63
D,NYU School of Medicine,47-2613531,407140,GA1,407140,GA1,407140,GA1, ,26,14648622,1001156, ,Debra,,Flores,49210 Esparza Ranch,Suite 232, ,"Rivaston,",OR,65196,US,U, ,F,S, , , , , , ,Debra.Flores@example.org,20171020,E,885.78
D,NYU Langone Health System,13-5562309,151562,GS1,151562,GS1,151562,GS1, ,26,14909121,1001197, ,Mrs.,,Karen,026 Stone Inlet, , ,"East Amanda,",MI,21861,US,U, ,M,S, , , , , , ,Mrs..Karen@example.org,20171020,E,869.13
D,NYU Hospitals Center,13-3971298,407140,GA1,407140,GA1,407140,GA1, ,26,15126716,1001208, ,Mario,,Stevens,8150 Knapp Mews, , ,"New Christopher,",AR,15189,US,U, ,M,S, , , , , , ,Mario.Stevens@example.org,20171020, ,668.44
D,NYU Langone Health System,13-3971298,407140,GS1,407140,GS1,407140,GS1, ,26,15402618,1001231, ,Andrew,,Walker,162 Jonathan Corner, , ,"North Karen,",DE,66539,US,U, ,F,M, , , , , , ,Andrew.Walker@example.org,20171020, ,575.9
D,NYU Langone Health System,47-2613531,407140,GA1,407140,GA1,407140,GA1, ,26,15652847,1001234, ,Jillian,,Hobbs,1954 Timothy Course, , ,"North Micheleport,",AK,40805,US,U, ,F,S, , , , , , ,Jillian.Hobbs@example.org,20171020,E,616.01
D,NYU School of Medicine,13-5562309,403401,GA1,403401,GA1,403401,GA1, ,26,15941881,1001259, ,Mary,,White,"PSC 1520,",Box 4643, ,APO,AA,25756,US,U, ,M,S, , , , , , ,Mary.White@example.org,20171020, ,461.93
D,NYU Hospitals Center,13-5562309,151579,GS1,151579,GS1,151579,GS1, ,26,16230296,1001262, ,Phillip,,Campbell,940 Moore Radial, , ,"New Jeremy,",RI,77441,US,U, ,F,S, , , , , , ,Phillip.Campbell@example.org,20171020, ,434.04
D,NYU Hospitals Center,47-2613531,151579,GS1,151579,GS1,151579,GS1, ,26,16459870,1001311, ,Benjamin,,Thompson,7030 Ernest Lane,Apt. 911, ,"South Jessicafurt,",VA,73546,US,U, ,F,S, , , , , , ,Benjamin.Thompson@example.org,20171020, ,736.6
D,NYU Hospitals Center,13-3971298,407140,GA1,407140,GA1,407140,GA1, ,26,16748120,1001361, ,Erik,,Lopez,222 Amy Squares,Apt. 373, ,"Kellyborough,",KS,85890,US,U, ,M,M, , , , , , ,Erik.Lopez@example.org,20171020, ,233.87
D,NYU Hospitals Center,47-2613531,403400,GA1,403400,GA1,403400,GA1, ,26,16994677,1001409, ,Patricia,,Todd,01525 Flynn Grove,Suite 341, ,"Josephshire,",VA,61556,US,U, ,M,M, , , , , , ,Patricia.Todd@example.org,20171020,E,212.65
D,NYU Hospitals Center,13-3971298,403401,GS1,403401,GS1,403401,GS1, ,26,17294649,1001416, ,Nicole,,Trujillo,797 Clements Pike,Apt. 593, ,"Millermouth,",OH,17079,US,U, ,M,S, , , , , , ,Nicole.Trujillo@example.org,20171020, ,311.32
D,NYU Langone Health System,13-3971298,407140,GS1,407140,GS1,407140,GS1, ,26,17561485,1001446, ,Steven,,Vargas,59398 William Street,Suite 860, ,"Gilbertborough,",AL,95411,US,U, ,F,M, , , , , , ,Steven.Vargas@example.org,20171020,E,572.85
D,NYU Hospitals Center,13-3971298,407140,GS1,407140,GS1,407140,GS1, ,26,17840241,1001469, ,Stephanie,,Schroeder,4412 Alexandria River, , ,"Jenniferport,",AL,49777,US,U, ,M,M, , , , , , ,Stephanie.Schroeder@example.org,20171020, ,325.42
D,NYU Hospitals Center,47-2613531,151579,GS1,151579,GS1,151579,GS1, ,26,18103733,1001495, ,Adam,,Malone,2510 Samantha Mission,Suite 171, ,"East Johnstad,",MT,43570,US,U, ,M,M, , , , , , ,Adam.Malone@example.org,20171020,E,344.45
D,NYU School of Medicine,13-3971298,407140,GA1,407140,GA1,407140,GA1, ,26,18401120,1001510, ,Tanya,,Allen,58305 Henderson Mountain,Apt. 735, ,"New Emily,",FL,93509,US,U, ,M,M, , , , , , ,Tanya.Allen@example.org,20171020, ,497.35
D,NYU School of Medicine,13-3971298,151562,GS1,151562,GS1,151562,GS1, ,26,18660035,1001525, ,Kayla,,Williams,3040 Paul Stravenue,Apt. 602, ,"Grantberg,",KY,80738,US,U, ,M,S, , , , , , ,Kayla.Williams@example.org,20171020,E,551.61
D,NYU School of Medicine,13-3971298,151579,GS1,151579,GS1,151579,GS1, ,26,18916590,1001528, ,Robert,,Schwartz,"PSC 8618,",Box 0047, ,APO,AP,08734,US,U, ,M,S, , , , , , ,Robert.Schwartz@example.org,20171020, ,566.12
D,NYU Langone Health System,47-2613531,403400,GA1,403400,GA1,403400,GA1, ,26,19126520,1001538, ,Donna,,Francis,7486 Ferrell Skyway, , ,"West Jessicamouth,",MI,35622,US,U, ,F,M, , , , , , ,Donna.Francis@example.org,20171020,E,772.15
D,NYU School of Medicine,13-5562309,151576,GS1,151576,GS1,151576,GS1, ,26,19354026,1001576, ,Autumn,,Carey,11197 Christian Glen,Apt. 264, ,"Port Brianaburgh,",NH,80681,US,U, ,F,S, , , , , , ,Autumn.Carey@example.org,20171020, ,277.25
D,NYU Langone Health System,13-5562309,151576,GA1,151576,GA1,151576,GA1, ,26,19565235,1001607, ,Ronald,,Mays,09707 Ford Stream,Suite 340, ,"Ayersburgh,",UT,95175,US,U, ,F,S, , , , , , ,Ronald.Mays@example.org,20171020,E,553.67
D,NYU Langone Health System,47-2613531,151579,GA1,151579,GA1,151579,GA1, ,26,19860387,1001647, ,Miguel,,Aguilar,9145 Reilly Plaza,Apt. 149, ,"Cathyport,",KS,27243,US,U, ,M,M, , , , , , ,Miguel.Aguilar@example.org,20171020, ,206.72
D,NYU Hospitals Center,13-5562309,407141,GA1,407141,GA1,407141,GA1, ,26,20086524,1001659, ,Howard,,Willis,80042 West Green, , ,"North Emma,",TX,42613,US,U, ,M,S, , , , , , ,Howard.Willis@example.org,20171020, ,154.2
D,NYU School of Medicine,47-2613531,403400,GA1,403400,GA1,403400,GA1, ,26,20320236,1001709, ,Dean,,Haynes,6645 Skinner Creek,Apt. 177, ,"Fishershire,",AK,71857,US,U, ,F,S, , , , , , ,Dean.Haynes@example.org,20171020, ,627.32
D,NYU Langone Health System,13-5562309,403401,GA1,403401,GA1,403401,GA1, ,26,20586680,1001729, ,Nathan,,Pena,91383 Lane Haven, , ,"Port Edward,",KS,77103,US,U, ,M,S, , , , , , ,Nathan.Pena@example.org,20171020, ,758.05
D,NYU School of Medicine,47-2613531,151576,GA1,151576,GA1,151576,GA1, ,26,20820750,1001750, ,Brittany,,Buchanan,775 Parker Bridge,Apt. 859, ,"Barronberg,",ID,23070,US,U, ,M,M, , , , , , ,Brittany.Buchanan@example.org,20171020, ,716.81
D,NYU Hospitals Center,13-3971298,403401,GA1,403401,GA1,403401,GA1, ,26,21089762,1001753, ,Alexis,,Keller,89602 Green Dam,Suite 074, ,"Lake Taylor,",NE,22854,US,U, ,M,S, , , , , , ,Alexis.Keller@example.org,20171020, ,146.55
D,NYU Langone Health System,13-3971298,403401,GA1,403401,GA1,403401,GA1, ,26,21380960,1001792, ,Robert,,Garcia,2374 Velasquez Mission, , ,"Port Austinland,",MN,91077,US,U, ,M,S, , , , , , ,Robert.Garcia@example.org,20171020,E,477.56
D,NYU Langone Health System,47-2613531,407141,GA1,407141,GA1,407141,GA1, ,26,21583345,1001799, ,Dana,,Hanson,01583 Anderson Shoals, , ,"Daybury,",MN,01313,US,U, ,M,M, , , , , , ,Dana.Hanson@example.org,20171020,E,168.22
D,NYU School of Medicine,47-2613531,151579,GA1,151579,GA1,151579,GA1, ,26,21863293,1001835, ,Carrie,,Soto,22149 Kelley Avenue,Apt. 181, ,"Johnchester,",ID,07341,US,U, ,F,S, , , , , , ,Carrie.Soto@example.org,20171020,E,700.32
D,NYU Langone Health System,47-2613531,151576,GS1,151576,GS1,151576,GS1, ,26,22160384,1001882, ,Eddie,,Wilson,66098 Ryan Fort, , ,"West Brittanyview,",CA,90242,US,U, ,F,M, , , , , , ,Eddie.Wilson@example.org,20171020, ,277.01
D,NYU School of Medicine,47-2613531,407141,GS1,407141,GS1,407141,GS1, ,26,22418054,1001893, ,Randy,,Smith,"PSC 0407,",Box 4230, ,APO,AE,63876,US,U, ,F,M, , , , , , ,Randy.Smith@example.org,20171020,E,862.03
D,NYU Hospitals Center,13-3971298,407140,GA1,407140,GA1,407140,GA1, ,26,22637630,1001903, ,Monique,,Martin,9454 Carolyn Overpass, , ,"North Tracyside,",MN,70336,US,U, ,F,S, , , , , , ,Monique.Martin@example.org,20171020, ,535.8
D,NYU Langone Health System,13-5562309,151562,GS1,151562,GS1,151562,GS1, ,26,22881386,1001909, ,Nathaniel,,Carpenter,03671 Victor Ridge, , ,"Valeriemouth,",HI,91564,US,U, ,F,S, , , , , , ,Nathaniel.Carpenter@example.org,20171020,E,128.48
D,NYU School of Medicine,47-2613531,151576,GS1,151576,GS1,151576,GS1, ,26,23115093,1001920, ,Tricia,,Fox,9099 Aguirre Viaduct,Apt. 317, ,"Henryville,",NH,89437,US,U, ,F,M, , , , , , ,Tricia.Fox@example.org,20171020, ,82.37
D,NYU School of Medicine,13-5562309,151576,GS1,151576,GS1,151576,GS1, ,26,23327181,1001956, ,Jessica,,Osborne,4002 Campbell Valley, , ,"Sancheztown,",WI,25251,US,U, ,M,M, , , , , , ,Jessica.Osborne@example.org,20171020,E,404.18
D,NYU Langone Health System,47-2613531,151576,GS1,151576,GS1,151576,GS1, ,26,23625169,1001963, ,Amanda,,Vasquez,0929 Stacy Dam,Apt. 191, ,"Port Jamesview,",KS,32129,US,U, ,M,S, , , , , , ,Amanda.Vasquez@example.org,20171020, ,664.13
D,NYU Hospitals Center,13-3971298,151576,GA1,151576,GA1,151576,GA1, ,26,23848030,1001982, ,Zachary,,Lawson,1693 Berry Manors,Suite 687, ,"Thompsonville,",NC,84458,US,U, ,F,M, , , , , , ,Zachary.Lawson@example.org,20171020,E,530.73
D,NYU School of Medicine,13-5562309,151579,GA1,151579,GA1,151579,GA1, ,26,24125331,1001990, ,Sarah,,Williams,54575 Denise Cove, , ,"Allenborough,",MT,68785,US,U, ,F,S, , , , , , ,Sarah.Williams@example.org,20171020,E,664.65
D,NYU School of Medicine,13-3971298,403401,GS1,403401,GS1,403401,GS1, ,26,24369869,1002032, ,Darius,,Wood,778 Moody Expressway,Apt. 288, ,"East Matthewchester,",KS,02527,US,U, ,M,M, , , , , , ,Darius.Wood@example.org,20171020, ,286.14
D,NYU Hospitals Center,13-3971298,151576,GA1,151576,GA1,151576,GA1, ,26,24615949,1002055, ,Michael,,Washington,305 Lisa Station, , ,"Ianhaven,",NM,64054,US,U, ,M,S, , , , , , ,Michael.Washington@example.org,20171020,E,134.35
D,NYU Hospitals Center,13-3971298,403400,GS1,403400,GS1,403400,GS1, ,26,24870472,1002071, ,Dawn,,Conner,511 Summers Unions,Apt. 256, ,"East Dawnland,",MT,79504,US,U, ,F,S, , , , , , ,Dawn.Conner@example.org,20171020,E,297.74
D,NYU School of Medicine,47-2613531,407140,GA1,407140,GA1,407140,GA1, ,26,25167553,1002121, ,Donna,,Andrews,381 Bautista Spur,Apt. 763, ,"Patrickmouth,",TN,64955,US,U, ,M,M, , , , , , ,Donna.Andrews@example.org,20171020, ,335.78
D,NYU Langone Health System,47-2613531,407141,GS1,407141,GS1,407141,GS1, ,26,25378760,1002129, ,John,,Craig,70894 Bradley Parkway,Apt. 697, ,"North Stephaniemouth,",RI,34421,US,U, ,F,M, , , , , , ,John.Craig@example.org,20171020,E,571.35
D,NYU Hospitals Center,47-2613531,151562,GA1,151562,GA1,151562,GA1, ,26,25603158,1002151, ,Dr.,,Kathy,84774 Rodriguez Centers,Suite 721, ,"East Christopher,",WA,21117,US,U, ,M,M, , , , , , ,Dr..Kathy@example.org,20171020, ,827.08
D,NYU School of Medicine,47-2613531,403401,GS1,403401,GS1,403401,GS1, ,26,25901978,1002180, ,Lisa,,Brown,5377 Gill Highway,Apt. 354, ,"Thompsonfort,",DC,88941,US,U, ,F,S, , , , , , ,Lisa.Brown@example.org,20171020,E,358.61
D,NYU School of Medicine,47-2613531,151576,GA1,151576,GA1,151576,GA1, ,26,26114720,1002207, ,Michael,,Wilson,3136 Andrew Corner, , ,"South Lisaview,",IA,65755,US,U, ,M,M, , , , , , ,Michael.Wilson@example.org,20171020,E,851.86
D,NYU Hospitals Center,13-5562309,151576,GS1,151576,GS1,151576,GS1, ,26,26400244,1002228, ,Daniel,,Morales,2379 Dean Squares,Suite 942, ,"East Michaelton,",NJ,24276,US,U, ,M,S, , , , , , ,Daniel.Morales@example.org,20171020,E,386.56
D,NYU School of Medicine,13-3971298,403401,GS1,403401,GS1,403401,GS1, ,26,26665273,1002232, ,Rachel,,Fields,69269 Heather Place,Suite 020, ,"Nicholestad,",NJ,66134,US,U, ,F,M, , , , , , ,Rachel.Fields@example.org,20171020,E,698.53
D,NYU Langone Health System,47-2613531,151562,GA1,151562,GA1,151562,GA1, ,26,1660190,1000043,,Donna,,Ross,40047 Perry Wall, , ,"Jenniferton,",IN,25403,US,U, ,F,M, , , , , , ,Donna.Ross@example.org,20171020,E,750.92
D,NYU Hospitals Center,47-2613531,407141,GS1,407141,GS1,407141,GS1, ,26,1953888,1000057,,Vincent,,Humphrey,2559 Teresa Brook,Apt. 766, ,"East Kevin,",CT,92909,US,U, ,M,M, , , , , , ,Vincent.Humphrey@example.org,20171020,E,231.3
D,NYU Hospitals Center,13-3971298,403401,GS1,403401,GS1,403401,GS1, ,26,2251173,1000094,,William,,Zimmerman,309 Dalton Mount, , ,"Eugeneburgh,",WI,35395,US,U, ,M,M, , , , , , ,William.Zimmerman@example.org,20171020, ,300.67
D,NYU Langone Health System,13-3971298,407141,GS1,407141,GS1,407141,GS1, ,26,2531815,1000112,,Sandra,,Sampson,891 Abigail Trail, , ,"Port Donaldborough,",VT,23503,US,U, ,M,M, , , , , , ,Sandra.Sampson@example.org,20171020,E,488.13
D,NYU Langone Health System,13-3971298,403400,GS1,403400,GS1,403400,GS1, ,26,2738243,1000152,,David,,Doyle,0206 Obrien Shores, , ,"Hansonfort,",OK,15330,US,U, ,F,S, , , , , , ,David.Doyle@example.org,20171020, ,300.87
D,NYU Langone Health System,13-5562309,151562,GA1,151562,GA1,151562,GA1, ,26,2938639,1000162,,Sheena,,Orozco,21696 Calderon Loaf,Apt. 654, ,"New Anthonymouth,",TN,36777,US,U, ,F,M, , , , , , ,Sheena.Orozco@example.org,20171020,E,614.44
D,NYU Hospitals Center,13-3971298,407140,GA1,407140,GA1,407140,GA1, ,26,3178168,1000183,,Amanda,,Crawford,398 James Trace, , ,"Chasefort,",GA,14505,US,U, ,M,S, , , , , , ,Amanda.Crawford@example.org,20171020, ,863.39
D,NYU Langone Health System,47-2613531,151562,GA1,151562,GA1,151562,GA1, ,26,3420764,1000207,,Kathleen,,Cox,732 April Flats,Suite 966, ,"Calvinberg,",CO,26459,US,U, ,F,S, , , , , , ,Kathleen.Cox@example.org,20171020,E,145.09
D,NYU Langone Health System,13-3971298,151579,GA1,151579,GA1,151579,GA1, ,26,3634292,1000254,,Melanie,,Owen,6475 Ashley Shore, , ,"Josephtown,",VA,10308,US,U, ,M,S, , , , , , ,Melanie.Owen@example.org,20171020,E,430.71
D,NYU Langone Health System,13-5562309,151579,GS1,151579,GS1,151579,GS1, ,26,3839537,1000270,,Susan,,Mendoza,762 Edwards Motorway, , ,"South Jenniferside,",NY,54179,US,U, ,M,M, , , , , , ,Susan.Mendoza@example.org,20171020,E,783.78
D,NYU School of Medicine,13-3971298,403401,GA1,403401,GA1,403401,GA1, ,26,4057548,1000304,,Crystal,,Jackson,51095 Davis Lights,Apt. 811, ,"New Jillian,",ID,10307,US,U, ,F,S, , , , , , ,Crystal.Jackson@example.org,20171020, ,694.85
D,NYU Langone Health System,13-3971298,407140,GS1,407140,GS1,407140,GS1, ,26,4344780,1000328,,Zachary,,Baker,2240 Barbara Rapid, , ,"Stewartmouth,",CT,93186,US,U, ,M,M, , , , , , ,Zachary.Baker@example.org,20171020, ,407.28
D,NYU School of Medicine,13-5562309,151579,GS1,151579,GS1,151579,GS1, ,26,4574091,1000361,,Tracy,,Long,"PSC 0276,",Box 6319, ,APO,AP,14955,US,U, ,M,S, , , , , , ,Tracy.Long@example.org,20171020,E,466.79
D,NYU School of Medicine,13-3971298,151579,GA1,151579,GA1,151579,GA1, ,26,4868379,1000373,,Howard,,Dalton,733 Carroll Brook, , ,"Johnborough,",DE,99628,US,U, ,M,S, , , , , , ,Howard.Dalton@example.org,20171020, ,380.27
D,NYU Hospitals Center,13-5562309,151579,GS1,151579,GS1,151579,GS1, ,26,5163636,1000423,,Randy,,Lowery,9112 Stephens Mall, , ,"South Jose,",KS,17398,US,U, ,F,M, , , , , , ,Randy.Lowery@example.org,20171020,E,402.85
D,NYU Langone Health System,13-3971298,407141,GA1,407141,GA1,407141,GA1, ,26,5422231,1000442,,Nicholas,,Gill,539 Acosta Rapids, , ,"New Lisaborough,",AR,84607,US,U, ,M,M, , , , , , ,Nicholas.Gill@example.org,20171020, ,235.57
D,NYU Langone Health System,13-5562309,407140,GA1,407140,GA1,407140,GA1, ,26,5677530,1000491,,David,,Mcclure,Unit 5383,Box 1483, ,DPO,AP,69709,US,U, ,M,S, , , , , , ,David.Mcclure@example.org,20171020,E,835.74
D,NYU Langone Health System,47-2613531,403401,GA1,403401,GA1,403401,GA1, ,26,5962772,1000533,,Olivia,,Blanchard,87581 Walker Trafficway,Apt. 439, ,"Lake Jessica,",OR,34010,US,U, ,F,S, , , , , , ,Olivia.Blanchard@example.org,20171020,E,850.66
D,NYU School of Medicine,13-3971298,151562,GA1,151562,GA1,151562,GA1, ,26,6225960,1000573,,John,,Martin,57221 Ho Gateway, , ,"South Nicoletown,",TX,79558,US,U, ,M,S, , , , , , ,John.Martin@example.org,20171020, ,371.64
D,NYU Langone Health System,13-5562309,151562,GA1,151562,GA1,151562,GA1, ,26,6485035,1000623,,Matthew,,Jackson,"PSC 2921,",Box 0894, ,APO,AA,41940,US,U, ,F,S, , , , , , ,Matthew.Jackson@example.org,20171020, ,369.93
D,NYU Langone Health System,13-5562309,403401,GS1,403401,GS1,403401,GS1, ,26,6764908,1000647,,Amanda,,Callahan,USS Romero, , ,FPO,AA,79140,US,U, ,F,S, , , , , , ,Amanda.Callahan@example.org,20171020,E,456.08
D,NYU Langone Health System,13-3971298,151576,GA1,151576,GA1,151576,GA1, ,26,6972905,1000664,,Kimberly,,Charles,242 William Curve,Apt. 973, ,"East Brittany,",MT,61790,US,U, ,F,S, , , , , , ,Kimberly.Charles@example.org,20171020, ,834.4
D,NYU Langone Health System,13-5562309,407141,GS1,407141,GS1,407141,GS1, ,26,7232179,1000692,,John,,White,8841 Parker Forks, , ,"Lake Elizabeth,",OK,58483,US,U, ,M,M, , , , , , ,John.White@example.org,20171020, ,769.97
D,NYU Hospitals Center,47-2613531,151562,GA1,151562,GA1,151562,GA1, ,26,7514312,1000726,,Eric,,Hanson,Unit 3216,Box 1145, ,DPO,AP,14195,US,U, ,M,S, , , , , , ,Eric.Hanson@example.org,20171020,E,449.43
D,NYU School of Medicine,13-5562309,407140,GS1,407140,GS1,407140,GS1, ,26,7779079,1000740,,Bridget,,Dalton,008 Oliver Points, , ,"North Crystal,",TX,43933,US,U, ,F,S, , , , , , ,Bridget.Dalton@example.org,20171020,E,666.5
D,NYU Langone Health System,47-2613531,403401,GA1,403401,GA1,403401,GA1, ,26,7985719,1000765,,Mark,,Young,326 Tina Union,Apt. 477, ,"Jamesview,",ND,07333,US,U, ,F,S, , , , , , ,Mark.Young@example.org,20171020,E,346.93
D,NYU Langone Health System,13-3971298,403400,GS1,403400,GS1,403400,GS1, ,26,8283421,1000783,,Angela,,Yoder,4242 Carlson Forest, , ,"Bethanyfort,",MS,22137,US,U, ,M,S, , , , , , ,Angela.Yoder@example.org,20171020,E,458.14
D,NYU Hospitals Center,13-3971298,407140,GS1,407140,GS1,407140,GS1, ,26,8549960,1000806,,Edward,,Humphrey,799 Tracy Cliffs, , ,"West Patriciahaven,",ID,80417,US,U, ,M,M, , , , , , ,Edward.Humphrey@example.org,20171020, ,643.88
D,NYU Hospitals Center,47-2613531,403400,GS1,403400,GS1,403400,GS1, ,26,8771736,1000831,,Ashley,,Petty,61337 Kari Brook, , ,"Alexandratown,",NY,06712,US,U, ,F,M, , , , , , ,Ashley.Petty@example.org,20171020,E,239.06
D,NYU School of Medicine,47-2613531,403401,GS1,403401,GS1,403401,GS1, ,26,8989492,1000849,,Sarah,,Larsen,USS Murray, , ,FPO,AP,01177,US,U, ,F,S, , , , , , ,Sarah.Larsen@example.org,20171020, ,283.59
D,NYU Hospitals Center,47-2613531,407141,GS1,407141,GS1,407141,GS1, ,26,9233457,1000879,,Jennifer,,Ramirez,Unit 0626,Box 8443, ,DPO,AP,88219,US,U, ,F,S, , , , , , ,Jennifer.Ramirez@example.org,20171020, ,888.32
D,NYU School of Medicine,13-3971298,151576,GA1,151576,GA1,151576,GA1, ,26,9500797,1000918,,Heather,,Perkins,12991 Compton Viaduct, , ,"South Thomasborough,",TX,50162,US,U, ,F,S, , , , , , ,Heather.Perkins@example.org,20171020,E,538.45
D,NYU School of Medicine,47-2613531,407141,GS1,407141,GS1,407141,GS1, ,26,9766731,1000928,,Dawn,,Hanna,51436 Pineda Drives, , ,"West Michael,",MI,23322,US,U, ,M,S, , , , , , ,Dawn.Hanna@example.org,20171020, ,162.33
D,NYU School of Medicine,13-5562309,151562,GA1,151562,GA1,151562,GA1, ,26,10019882,1000942,Mrs.,Alicia,,White,49665 Malik Overpass,Suite 871, ,"Lake Jerry,",TX,97538,US,U, ,F,M, , , , , , ,Alicia.White@example.org,20171020, ,442.06
D,NYU Hospitals Center,13-5562309,151576,GS1,151576,GS1,151576,GS1, ,26,10262141,1000972,,Dwayne,,Rodriguez,88997 Jacqueline Cliff,Suite 360, ,"South John,",AK,52600,US,U, ,M,S, , , , , , ,Dwayne.Rodriguez@example.org,20171020,E,221.26
D,NYU Langone Health System,13-3971298,407141,GS1,407141,GS1,407141,GS1, ,26,10495124,1001002,,Rachel,,Guzman,86364 Sullivan Park,Apt. 994, ,"Osbornfurt,",AK,35979,US,U, ,M,S, , , , , , ,Rachel.Guzman@example.org,20171020, ,362.5
D,NYU Hospitals Center,13-5562309,151579,GA1,151579,GA1,151579,GA1, ,26,10775457,1001010,,Corey,,Hodges,1930 Michael Orchard, , ,"East Kristinfurt,",MD,65451,US,U, ,M,S, , , , , , ,Corey.Hodges@example.org,20171020, ,564.48
D,NYU Hospitals Center,13-3971298,407141,GA1,407141,GA1,407141,GA1, ,26,11058561,1001041,,Maria,,Becker,1509 Aguirre Mill, , ,"Longmouth,",LA,44043,US,U, ,F,S, , , , , , ,Maria.Becker@example.org,20171020, ,450.09
D,NYU School of Medicine,13-5562309,407141,GS1,407141,GS1,407141,GS1, ,26,11353975,1001052,,Jennifer,,Hebert,27555 Elizabeth Wells,Suite 326, ,"New Tonya,",AZ,83181,US,U, ,M,S, , , , , , ,Jennifer.Hebert@example.org,20171020,E,84.82
D,NYU School of Medicine,13-5562309,407141,GS1,407141,GS1,407141,GS1, ,26,11606168,1001062,,Michael,,Walker,6638 Acosta Summit, , ,"Nicholsmouth,",SD,48175,US,U, ,M,S, , , , , , ,Michael.Walker@example.org,20171020, ,357.19
D,NYU School of Medicine,13-5562309,151562,GA1,151562,GA1,151562,GA1, ,26,11864451,1001106,,Alicia,,Williams,04756 Keller Branch,Apt. 280, ,"North Joshuaport,",NC,93561,US,U, ,M,S, , , , , , ,Alicia.Williams@example.org,20171020, ,674.11
D,NYU Langone Health System,47-2613531,151579,GS1,151579,GS1,151579,GS1, ,26,12071071,1001117,,Courtney,,Harvey,956 Eric Bridge, , ,"North Lawrencetown,",IA,64547,US,U, ,M,S, , , , , , ,Courtney.Harvey@example.org,20171020, ,874.96
D,NYU School of Medicine,13-3971298,151579,GA1,151579,GA1,151579,GA1, ,26,12365055,1001161,,Brandon,,Rivas,135 Alexander Crescent, , ,"West Susanstad,",AZ,65323,US,U, ,M,M, , , , , , ,Brandon.Rivas@example.org,20171020, ,698.9
D,NYU School of Medicine,47-2613531,151576,GA1,151576,GA1,151576,GA1, ,26,12596935,1001195,,Jennifer,,Stone,82968 William Mount,Suite 541, ,"West Stephanie,",NE,91901,US,U, ,F,M, , , , , , ,Jennifer.Stone@example.org,20171020,E,216.38
D,NYU School of Medicine,47-2613531,407140,GS1,407140,GS1,407140,GS1, ,26,12851246,1001245,,Brandon,,Hill,0844 Conley Forge, , ,"North Belinda,",VA,35639,US,U, ,F,S, , , , , , ,Brandon.Hill@example.org,20171020,E,750.74
D,NYU Hospitals Center,13-3971298,403401,GA1,403401,GA1,403401,GA1, ,26,13111927,1001280,,Brenda,,Krueger,818 Charles Turnpike, , ,"East Monicaberg,",MA,78249,US,U, ,M,M, , , , , , ,Brenda.Krueger@example.org,20171020,E,474.14
D,NYU Hospitals Center,13-5562309,403401,GA1,403401,GA1,403401,GA1, ,26,13332174,1001288,,Catherine,,Johnson,62405 Michele Expressway, , ,"New Laurachester,",SC,91027,US,U, ,M,M, , , , , , ,Catherine.Johnson@example.org,20171020, ,527.34
D,NYU Hospitals Center,47-2613531,407141,GA1,407141,GA1,407141,GA1, ,26,13546696,1001319,,Joshua,,Delgado,740 Cynthia Squares, , ,"Gomezhaven,",KS,93912,US,U, ,F,S, , , , , , ,Joshua.Delgado@example.org,20171020,E,762.95
D,NYU Hospitals Center,47-2613531,151576,GS1,151576,GS1,151576,GS1, ,26,13789514,1001333,,Dale,,Salas,783 Mackenzie Lodge, , ,"Reevesside,",MO,39887,US,U, ,F,M, , , , , , ,Dale.Salas@example.org,20171020, ,796.23
D,NYU Langone Health System,47-2613531,407140,GA1,407140,GA1,407140,GA1, ,26,14080818,1001377,,Molly,,Romero,314 Matthew Greens, , ,"Lake Barbarafurt,",MO,10462,US,U, ,F,M, , , , , , ,Molly.Romero@example.org,20171020,E,875.75
D,NYU School of Medicine,13-3971298,403401,GS1,403401,GS1,403401,GS1, ,26,14311617,1001414,,Derrick,,Gutierrez,46128 Margaret Mountains,Suite 141, ,"West Ashleyburgh,",LA,76964,US,U, ,M,S, , , , , , ,Derrick.Gutierrez@example.org,20171020, ,290.88
D,NYU Hospitals Center,13-3971298,403401,GS1,403401,GS1,403401,GS1, ,26,14575091,1001418,,Tyler,,Weber,722 Kenneth Ridge,Suite 112, ,"North Brandon,",WY,11327,US,U, ,F,S, , , , , , ,Tyler.Weber@example.org,20171020,E,849.8
D,NYU Hospitals Center,13-3971298,407141,GA1,407141,GA1,407141,GA1, ,26,14847747,1001462,,Jeffrey,,French,88933 Kirk Ville, , ,"Port Regina,",ME,97716,US,U, ,M,S, , , , , , ,Jeffrey.French@example.org,20171020,E,440.99
D,NYU Hospitals Center,13-3971298,151576,GA1,151576,GA1,151576,GA1, ,26,15126720,1001480,,Anthony,,Keith,239 Wallace Lake, , ,"Mayobury,",IL,41756,US,U, ,F,S, , , , , , ,Anthony.Keith@example.org,20171020, ,528.19
D,NYU Hospitals Center,13-3971298,151562,GA1,151562,GA1,151562,GA1, ,26,15370812,1001517,,Beth,,Hicks,600 Suzanne Turnpike,Apt. 194, ,"South Hannah,",CO,51781,US,U, ,M,S, , , , , , ,Beth.Hicks@example.org,20171020, ,83.61
D,NYU Hospitals Center,47-2613531,151576,GA1,151576,GA1,151576,GA1, ,26,15581680,1001562,,Sandra,,Perez,43479 James Rest, , ,"Port Kathleenland,",LA,32594,US,U, ,M,M, , , , , , ,Sandra.Perez@example.org,20171020, ,291.98
D,NYU School of Medicine,47-2613531,407141,GS1,407141,GS1,407141,GS1, ,26,15873998,1001598,,Jessica,,Donovan,9541 Marcus Hills, , ,"East Denisebury,",GA,37975,US,U, ,M,M, , , , , , ,Jessica.Donovan@example.org,20171020,E,236.41
D,NYU Langone Health System,13-5562309,151576,GS1,151576,GS1,151576,GS1, ,26,16115537,1001647,,Hannah,,Gill,20520 White Corners,Apt. 742, ,"East Tamaraview,",GA,13141,US,U, ,M,M, , , , , , ,Hannah.Gill@example.org,20171020, ,136.04
D,NYU Hospitals Center,13-3971298,151562,GS1,151562,GS1,151562,GS1, ,26,16340571,1001660,,Donald,,Hill,78708 Derek Wells, , ,"South Ricktown,",LA,28190,US,U, ,M,M, , , , , , ,Donald.Hill@example.org,20171020,E,476.23
D,NYU Langone Health System,47-2613531,403400,GS1,403400,GS1,403400,GS1, ,26,16588141,1001691,,Marc,,Morales,"PSC 8154,",Box 8626, ,APO,AA,12351,US,U, ,F,M, , , , , , ,Marc.Morales@example.org,20171020, ,547.4
D,NYU School of Medicine,47-2613531,151576,GA1,151576,GA1,151576,GA1, ,26,16799955,1001728,,Ryan,,Zamora,Unit 6978,Box 7260, ,DPO,AP,38977,US,U, ,M,S, , , , , , ,Ryan.Zamora@example.org,20171020,E,512.25
D,NYU School of Medicine,47-2613531,407140,GA1,407140,GA1,407140,GA1, ,26,17070050,1001771,,George,,Burton,5327 Crawford Curve,Suite 937, ,"Karenborough,",CA,54127,US,U, ,F,M, , , , , , ,George.Burton@example.org,20171020,E,893.2
D,NYU Langone Health System,47-2613531,151576,GS1,151576,GS1,151576,GS1, ,26,17314707,1001781,,Suzanne,,Clarke,513 David Coves, , ,"East Daniel,",TX,46144,US,U, ,F,S, , , , , , ,Suzanne.Clarke@example.org,20171020, ,141.91
D,NYU School of Medicine,13-5562309,151576,GA1,151576,GA1,151576,GA1, ,26,17552525,1001820,,Alicia,,Garcia,475 Michael Mission,Suite 553, ,"West Jeffery,",VT,63081,US,U, ,F,M, , , , , , ,Alicia.Garcia@example.org,20171020,E,858.15
D,NYU Hospitals Center,47-2613531,151562,GS1,151562,GS1,151562,GS1, ,26,17786685,1001827,,Melinda,,Cox,19295 Joshua Path, , ,"Aliciaberg,",NJ,70391,US,U, ,F,S, , , , , , ,Melinda.Cox@example.org,20171020, ,853.86
D,NYU School of Medicine,13-5562309,407140,GA1,407140,GA1,407140,GA1, ,26,18001776,1001849,,Peter,,Cook,4474 Flores Path, , ,"Greerside,",CO,96780,US,U, ,M,S, , , , , , ,Peter.Cook@example.org,20171020, ,158.2
D,NYU Langone Health System,47-2613531,151576,GA1,151576,GA1,151576,GA1, ,26,18239371,1001866,,Sean,,Rice,556 Lisa Ways, , ,"West Kevinstad,",OH,64374,US,U, ,M,S, , , , , , ,Sean.Rice@example.org,20171020,E,784.44
D,NYU Langone Health System,13-5562309,151562,GA1,151562,GA1,151562,GA1, ,26,18452045,1001900,,David,,Hughes,2746 Rogers Loop, , ,"New Jessicamouth,",ME,65324,US,U, ,F,S, , , , , , ,David.Hughes@example.org,20171020, ,193.6
D,NYU Langone Health System,13-3971298,151576,GS1,151576,GS1,151576,GS1, ,26,18734149,1001926,,Erik,,Shields,7927 Lauren Bridge,Suite 775, ,"Malikborough,",NE,52109,US,U, ,M,S, , , , , , ,Erik.Shields@example.org,20171020,E,575.67
D,NYU Langone Health System,47-2613531,151579,GA1,151579,GA1,151579,GA1, ,26,18981978,1001935,Mr.,Austin,,Williams,93317 Anthony Knoll, , ,"South Kaylashire,",WV,37131,US,U, ,M,M, , , , , , ,Austin.Williams@example.org,20171020, ,353.89
D,NYU Hospitals Center,13-5562309,407141,GS1,407141,GS1,407141,GS1, ,26,19223438,1001968,,April,,Chavez,22598 William Springs, , ,"Lake Josephhaven,",IN,14306,US,U, ,F,M, , , , , , ,April.Chavez@example.org,20171020,E,757.82
D,NYU School of Medicine,47-2613531,403400,GS1,403400,GS1,403400,GS1, ,26,19446232,1002010,,Danielle,,Dennis,558 Harmon Rapids,Suite 908, ,"Lake Shawn,",KY,67587,US,U, ,M,S, , , , , , ,Danielle.Dennis@example.org,20171020,E,794.58
D,NYU Langone Health System,13-3971298,403400,GA1,403400,GA1,403400,GA1, ,26,19745390,1002033,,Vincent,,Abbott,600 Rivera Pike, , ,"Josephbury,",GA,13145,US,U, ,M,M, , , , , , ,Vincent.Abbott@example.org,20171020, ,368.47
D,NYU School of Medicine,13-5562309,151579,GA1,151579,GA1,151579,GA1, ,26,19970419,1002077,,Luis,,Obrien,Unit 5705,Box 0016, ,DPO,AA,30624,US,U, ,F,M, , , , , , ,Luis.Obrien@example.org,20171020, ,368.87
D,NYU Langone Health System,47-2613531,407140,GA1,407140,GA1,407140,GA1, ,26,20224378,1002105,,William,,Jenkins,961 Cooper Point, , ,"Briantown,",CO,40818,US,U, ,F,M, , , , , , ,William.Jenkins@example.org,20171020, ,888.44
D,NYU School of Medicine,13-3971298,151562,GS1,151562,GS1,151562,GS1, ,26,20436802,1002150,,John,,Morgan,800 Robert Greens,Suite 167, ,"Lake Emilyberg,",IN,84193,US,U, ,M,M, , , , , , ,John.Morgan@example.org,20171020,E,266.47
D,NYU Hospitals Center,13-5562309,151562,GA1,151562,GA1,151562,GA1, ,26,20708364,1002200,,Shawn,,Alvarado,772 Bobby Burgs, , ,"North Lucas,",AK,83434,US,U, ,F,S, , , , , , ,Shawn.Alvarado@example.org,20171020, ,216.61
D,NYU Langone Health System,13-3971298,151562,GS1,151562,GS1,151562,GS1, ,26,20921937,1002212,,Bryan,,Gallagher,87525 Gail Brook,Apt. 534, ,"Clarktown,",IA,13978,US,U, ,F,S, , , , , , ,Bryan.Gallagher@example.org,20171020,E,222.81
D,NYU Hospitals Center,47-2613531,151576,GA1,151576,GA1,151576,GA1, ,26,21149857,1002237,,Margaret,,Kim,"PSC 2333,",Box 2807, ,APO,AA,35160,US,U, ,M,M, , , , , , ,Margaret.Kim@example.org,20171020, ,269.36
D,NYU Langone Health System,13-3971298,151576,GS1,151576,GS1,151576,GS1, ,26,21427625,1002244,,Darlene,,Cooper,41101 Joseph Throughway,Suite 462, ,"Scottville,",MN,13125,US,U, ,F,M, , , , , , ,Darlene.Cooper@example.org,20171020, ,707.65
D,NYU Langone Health System,13-3971298,151576,GS1,151576,GS1,151576,GS1, ,26,21636964,1002292,,Benjamin,,Tucker,074 Christine Fall,Suite 296, ,"Port Claudiaside,",CT,91542,US,U, ,M,S, , , , , , ,Benjamin.Tucker@example.org,20171020,E,854.07
D,NYU Hospitals Center,13-3971298,151576,GS1,151576,GS1,151576,GS1, ,26,21897167,1002316,Dr.,Cynthia,,Carter,80987 Curtis Pine, , ,"Lake Jerryview,",IL,29140,US,U, ,M,M, , , , , , ,Cynthia.Carter@example.org,20171020,E,850.88
D,NYU Hospitals Center,13-5562309,407140,GA1,407140,GA1,407140,GA1, ,26,22122068,1002346,,Joan,,Mayer,011 Moore Park, , ,"Jamesside,",AR,69484,US,U, ,M,S, , , , , , ,Joan.Mayer@example.org,20171020, ,382.56
D,NYU Langone Health System,13-3971298,151562,GA1,151562,GA1,151562,GA1, ,26,22415632,1002374,,Thomas,,Parrish,3045 Colleen Springs,Apt. 877, ,"Choihaven,",ME,63823,US,U, ,F,S, , , , , , ,Thomas.Parrish@example.org,20171020, ,769.9
D,NYU Hospitals Center,47-2613531,403401,GA1,403401,GA1,403401,GA1, ,26,22633307,1002424,,Kevin,,White,172 Laura Mountains, , ,"Brockshire,",RI,68018,US,U, ,M,M, , , , , , ,Kevin.White@example.org,20171020, ,324.88
D,NYU Langone Health System,47-2613531,403400,GS1,403400,GS1,403400,GS1, ,26,22862687,1002434,,Krystal,,Mendez,9805 Loretta Drive,Suite 183, ,"East Tanyaview,",IN,84166,US,U, ,M,M, , , , , , ,Krystal.Mendez@example.org,20171020, ,432.96
D,NYU Hospitals Center,47-2613531,403400,GA1,403400,GA1,403400,GA1, ,26,23130920,1002463,,Leslie,,Kelly,Unit 4930,Box 9760, ,DPO,AP,19219,US,U, ,M,S, , , , , , ,Leslie.Kelly@example.org,20171020, ,504.08
D,NYU Hospitals Center,13-5562309,407140,GA1,407140,GA1,407140,GA1, ,26,23383551,1002484,,Jason,,Drake,72755 Keller Road, , ,"Michelletown,",NJ,74752,US,U, ,F,M, , , , , , ,Jason.Drake@example.org,20171020,E,191.15
D,NYU School of Medicine,47-2613531,403401,GS1,403401,GS1,403401,GS1, ,26,23594536,1002491,,Alicia,,Shaw,78197 Harrison Groves, , ,"Lawrenceborough,",IN,31191,US,U, ,M,M, , , , , , ,Alicia.Shaw@example.org,20171020, ,633.7
D,NYU Hospitals Center,13-5562309,151562,GS1,151562,GS1,151562,GS1, ,26,23796348,1002523,,Paul,,Beltran,USNV Bailey, , ,FPO,AP,61952,US,U, ,F,S, , , , , , ,Paul.Beltran@example.org,20171020,E,622.33
D,NYU School of Medicine,13-3971298,151562,GS1,151562,GS1,151562,GS1, ,26,24073279,1002572,,Mason,,Jimenez,297 Thomas Crossing, , ,"South Shelbytown,",OH,07774,US,U, ,M,M, , , , , , ,Mason.Jimenez@example.org,20171020,E,842.37
D,NYU Langone Health System,13-5562309,403401,GS1,403401,GS1,403401,GS1, ,26,24340490,1002610,,Jose,,Lamb,412 Martin Passage, , ,"East Kimberlyland,",CT,28686,US,U, ,F,M, , , , , , ,Jose.Lamb@example.org,20171020, ,146.66
D,NYU Hospitals Center,47-2613531,151579,GA1,151579,GA1,151579,GA1, ,26,24603164,1002627,,Bonnie,,Frank,7581 William Alley,Apt. 949, ,"Lake Paulmouth,",RI,42765,US,U, ,F,M, , , , , , ,Bonnie.Frank@example.org,20171020, ,203.3
D,NYU Langone Health System,13-5562309,151576,GA1,151576,GA1,151576,GA1, ,26,24846919,1002673,,Lori,,Fox,283 Martin Circle,Suite 823, ,"Larsonfort,",VT,58300,US,U, ,F,S, , , , , , ,Lori.Fox@example.org,20171020,E,575.41
D,NYU Hospitals Center,13-5562309,407141,GS1,407141,GS1,407141,GS1, ,26,25131324,1002706,,Brandon,,Coleman,70786 Estrada Drives, , ,"Raymondmouth,",GA,89105,US,U, ,M,S, , , , , , ,Brandon.Coleman@example.org,20171020, ,531.28
D,NYU Langone Health System,47-2613531,403400,GS1,403400,GS1,403400,GS1, ,26,25421913,1002727,,Rachel,,Simon,252 Fitzpatrick Cove, , ,"East David,",GA,31549,US,U, ,M,S, , , , , , ,Rachel.Simon@example.org,20171020, ,269.11
D,NYU Hospitals Center,13-3971298,151562,GA1,151562,GA1,151562,GA1, ,26,25636999,1002748,,Chad,,Sullivan,0791 Charles Pine, , ,"Ianfurt,",NV,25310,US,U, ,F,S, , , , , , ,Chad.Sullivan@example.org,20171020, ,411.11
D,NYU Langone Health System,13-3971298,151576,GA1,151576,GA1,151576,GA1, ,26,25886865,1002778,,Chris,,Monroe,USS Young, , ,FPO,AP,99517,US,U, ,F,M, , , , , , ,Chris.Monroe@example.org,20171020, ,369.34
D,NYU Hospitals Center,47-2613531,151579,GS1,151579,GS1,151579,GS1, ,26,26138600,1002799,,Russell,,Phillips,521 Gillespie Shoal,Apt. 275, ,"West Amber,",CT,72764,US,U, ,F,M, , , , , , ,Russell.Phillips@example.org,20171020, ,521.59
